CREATE DATABasE db01_asm_java3
go
use db01_asm_java3
go

/*Xóa db*/
use master 
drop database db01_asm_java3

CREATE TABLE Majors (
	MajorID INT PRIMARY KEY IDENTITY (1,1),
	MajorName NVARCHAR(50) NOT NULL,
	MajorCode VARCHAR(5) NOT NULL,
	LastModified DATE NOT NULL,
	Descriptor NVARCHAR(255) NULL,
	isDelete INT DEFAULT 0
);
go
CREATE TABLE SpecificallyMajors (
	SpecificallyMajorID INT PRIMARY KEY IDENTITY(1,1),
	SpecificallyMajorName NVARCHAR(50) NOT NULL,
	SpecificallyMajorCode VARCHAR(5) NOT NULL,
	MajorID INT NOT NULL,
	LastModified DATE NOT NULL,
	Descriptor NVARCHAR(255) NULL
	ConSTRAINT FK_MajorID_SpecificallyMajors 
		FOREIGN KEY (MajorID) REFERENCES Majors(MajorID),
	isDelete INT DEFAULT 0
);

GO
CREATE TABLE Subjects (
	SubjectID INT PRIMARY KEY IDENTITY(1,1),
	SubjectName NVARCHAR(50) NOT NULL,
	SubjectCode VARCHAR(5) NOT NULL,
	Credit INT NOT NULL, -- Tín chỉ
	TypeOfSubject INT NOT NULL,
	FurLough INT NOT NULL, -- Số buổi nghỉ được phép
	LastModified DATE NOT NULL,
	MajorID INT NOT NULL,
	Descriptor NVARCHAR(255) NULL,
	ConSTRAINT FK_MajorID_Subjects 
		FOREIGN KEY (MajorID) 
		REFERENCES Majors(MajorID),
	isDelete INT DEFAULT 0
);


go



CREATE TABLE SubjectsDetail (
	SubjectDetailID INT PRIMARY KEY IDENTITY(1,1),
	SubjectID INT NOT NULL,
	SpecificallyMajorID INT NULL,
	SpecificallyMajorTogether INT NULL,
	LastModified DATE NOT NULL,
	Descriptor NVARCHAR(255) NULL,
	ConSTRAINT FK_SubjectID_SubjectsDetail FOREIGN KEY (SubjectID) 
		REFERENCES Subjects(SubjectID),
	ConSTRAINT FK_SpecificallyMajorID_SubjectsDetail FOREIGN KEY (SpecificallyMajorID) 
		REFERENCES SpecificallyMajors(SpecificallyMajorID),
	isDelete INT DEFAULT  0
);

GO



CREATE TABLE Students (
	StudentID INT PRIMARY KEY IDENTITY(1,1),
	FullName NVARCHAR(50) NOT NULL, 
	Sex INT NOT NULL,
	DateOfBirth DATE NOT NULL,
	Email VARCHAR(255) NULL, -- Để null -> thực hiện tạo email từ inserted bởi transaction
	PhoneNumber VARCHAR(10) NOT NULL,
	Provice NVARCHAR(50) NOT NULL,
	Photo VARBINARY(max) DEFAULT cast('0x89504E470D0A1A0A0000000D494844520000012C0000012C0806000000797D8E7500000DF949444154785EEDDD7B7714C5DA40F1F3FDBF94120D2246F01215440515C115884A141151E65D0FABF29E3E35499864EA99A9EAF9EDB5F63F5C924E4FCF4E554D5FFEB3008041F84FFD0700D02B82056018040BC03008168061102C00C32058008641B0000C8360011806C102300C82056018040BC03008168061102C00C32058008641B0000C8360011806C102300C82056018040BC03008168061102C00C32058008641B0000C8360011806C102300C82056018040BC03008168061102C00C32058008641B0000C4317C13A3E3E5E1C1C1C90ECD8A3A3A3FAADBB71BA08D6CF3FFFBC78E79D774876EC4F3FFD54BF75378E60915C49C12A0816D9BF8255102CB27F05AB205864FF0A5641B0C8FE15AC826091FD2B5805C122FB57B00A8245F6AF6015048BEC5FC12A0816D9BF8255102CB27F05AB205864FF0A5641B0C8FE15AC826091FD2B5805C122FB57B00A8245F6AF6015048BEC5FC12A0816D9BF8255681DAC6BD7AE2DEEDEBD4BEEB47B7B7B4BEF8D7514AC42EB60BDF7DE7BF5B700768E0F3EF860E9BDB18E8255102CA03D8295846001ED11AC24040B688F60252158407B042B09C102DA2358490816D01EC14A42B080F60856128205B447B092102CA03D8295846001ED11AC24040B688F60252158407B042B09C102DA2358490816D01EC14A42B080F60856128205B447B092102CA03D8295846001ED11AC24040B688F60252158407B042B09C102DA2358490816D01EC14A42B080F60856128205B447B092102CA03D8295846001ED11AC24040B688F60252158407B042B09C102DA23584908D662F1E2C58BC5C9C9C9E2F9F3E7F55F015742B092D8B560BD7EFD7A717C7CBCF8FAEBAF17D7AF5F5FDAFED39FE1F0F070717474B478F5EA55FD2580B7225849EC52B01E3D7A746EA4CE736F6F6F71FFFEFDC53FFFFC537F39E05C042B895D08D61F7FFCB1B879F3E6D2B65EC6FDFDFDC5D3A74FEB2F0D9C89602531F76045646294546FE755FDFEFBEFEB6F012C215849CC3958AD7FB65363FD0BB808C14AA2F59BBA97603D7BF66C71EDDAB5A5ED6B650F0710FA45B0929863B0FEFEFBEF376B4EF5B6B53462185104CE42B0929863B0BEF9E69BA5EDCAF0D6AD5BF5B7C68AFCFBEFBFF51FCD0AC14A626EC18A934033A782B54F9E3CA937012B70EFDEBD3727EBCE15C14A626EC1FAF6DB6F97B62953A3ACCBF3EBAFBF2EDE7DF7DDC5DDBB77EBBF9A0D8295C4DC82D5FA40799BF1C68B3533AC469C807BE3C68D37FB2E4E3799EB09B9AD8F43C12ACC2958718268BD3D9BB087836914622AB80BFB4EB0929853B0E245ADB76713DEB973A7DE149CC16FBFFDF666443ADD77070707F53F9B058295C49C82B5E9F5AB536FDFBE5D6F0A2AE253C1D3A960ED1C4F0F11AC24E614AC58C4ADB76713C6758AB8988B4E3599E30855B09210ACF515AC8B8911543D159C1AA7A1CCED363E8295C49C8275D16FF14C4D09CF27A6821F7EF8E1D23EAB7DF8F061FD5F8746B0929853B0B6B5E8FEE5975FD69B82C2AABF44E6364A15AC24E614AC987AD4DBB3097FFCF1C77A53B078FB54B0363E459C0B8295C49C8215B73F7EFFFDF797B629DB38FF0BFFCBAA53C1A9731AA90A5612730A56109F38D5DB94E9DCA632AD58752A383516DFE772D580602531B760C568E732D390758DFD87FFE5B253C1A973995E0B5612730B56B0A9D31B3EFAE8A337D350FC97980AAE73FFFC9846CE01C14A628EC1FAEBAFBFDE6C47BD6D2D8D11C42FBFFC527FEB9DE72A53C1DAB89BC3E8085612730C561031B9EAB464153D8C629975A68253E7B0F82E5849CC3558419C8C586F5F0BE7F0866ACDBA53C1A973587C17AC24E61CACE0F1E3C74DEF401A531EEB56CB7CF7DD774BFB6A1D7FF8E187FA5B0C85602531F76005315559F7008A9F2BE28765E256C72DA68253E3CE0E23B3EEF1562B58855D0856105396F8AD7DD9C5F8189DC57308479FA264D1722A583BF2871A8295C4AE04EB94B82BC0D1D1D1E2F0F0F0DC78C568E1D34F3F7DB306169F38E27C5A4F05A7C66B342A8295C4AE05AB26EE291E539A535FBE7C59FF139C43C654706A8C6E477D3D042B895D0F16AE46E65470EAA8A78F08561282D52FBFFFFE7BB70F1CBD7FFFFED26B9F61BCF147FC5456B09210AC3E89A96A1CF4B196D65BB422A42D4F15799BC7C7C7F526748F602521587D327DA0C6679F7DD64DB4623BE21ACAFA75CFF4F3CF3FAF37A37B042B09C1EA8FB34630BD446B5353C1A9B1B03FDAA7B582958460F5C7AD5BB796F66B18238D6D46EBAC906ECA08E54808561282D5177160D6FB74EAB6A2B58DA9E0D4EBD7AF0FB5F82E584908563FC4D9F4ABDCE2791BD1DAC654B0F6E9D3A7F566758B60252158FD107781A8F7E7796E325A7117D76D4D05A7C63ADE2808561282D507F1C4987A5FBECDB874253B5A310D3B383858FADEDB3016DF5FBC78516F629708561282B57D223A977DC2CCA911ADCCB59D070F1E2C7DCF6D3ACAE2BB60252158DB272E3FA9F7E365CC8A562F53C1A9FBFBFB293F6B6B042B09C1DA2E7FFEF96793287CF1C5174DDFC83D4D056B9F3C79526F6E7708561282B55D6221B9DE8757B565B47A9B0A4EFDE4934FEACDED0EC14A42B0B647EB7D1FC6278DEB46ABC7A9E0D4587C8F9169CF085612ADDF3482B51A7171739C0C59EFBF16AE13ADF87F1F7FFCF1D2D7ECCDB8D6B267042B09C1DA0ED90F7BBD6AB4E236D2F5D7EAD1587CCF3EA5631D042B09C1DA3C714D5EE69D3A4FFDEAABAF2E15ADE7CF9F773D15AC8D5B5DF78A602521589B2502B2C96BF2225AAB30CA54706ACF8BEF829584606D96B75DDC9CE12AD11A652A58DBEBE2BB602521589B23EEE9B4B7B7B7B4CF36E19D3B77EACDF97F469B0A4E8D07DBF6886025B1CBC1DAF4A2ED652E6ECEF0AC688D38159C1A77B7D8F4EBB80A8295C4AE062B1ED2B9C9FBA5C7AD51EA7DB50DEB688D3A159C1AC7706F085612BB1AACD351452CDC66472BBE7E3C7ABDDE57DB324EA9085A5D16B46DE30EADBD215849EC62B0627435DDE6EC684D1F28D18B11AD91A782B5B10ED7138295C42E06EBAC37EAEDDBB753A235F282F648DEBB77AFDEF55B45B092D8B560D5A3ABA931B5884B665A72DE0325D8D6DE16DF052B895D0BD659A3ABA92DA3D57ADFF2621F3F7E5CBF045B43B09268FDA6EA3958178DAEA646D45EBD7A55FFF74BB1EA0325D8CE78DD7A41B092D8A560BD6D743575DD68655FDCCCB38D5BE3F4806025B12BC15A75743535EEB87995685DE581126CE3E9291BDB46B092D895605D66743535A215D3BB55D9F6034777DD38FE5AAD41AE836025B10BC1BACAE86A6A0468D568ADFB4009AEEFA3478FEA9765E3085612BB10ACAB8EAEA6AE12AD7866DEB62E6EE67FED61F15DB092987BB0D61D5D4DBD79F3E685D16AF94009AEE7C9C949FDF26C14C14A62EEC16A31BA9A1AD17AF9F265FD6DDE3C7AAAFEB7DC9EDB5E7C17AC24E61CAC96A3ABA975B4321F28C1AB1953F36D2EBE0B5612730E56EBD1D5D478B47CDC902F889BC8D57FCFEDBBCD37B9602531D760658DAEA646B4E23E579B78A0042F6F7C50B22D042B89B9062B7374C5717CF6EC597D686C04C14A628EC1DAC4E88A63B8CA03383210AC24E6182CA32B9E1AF722BBCAE555EB225849CC2D584657AC7DF8F0617D98A4235849CC2D584657AC8DD350368D602531A760195DF13CE30E1A9B44B0929853B08CAE789EF14CC84D225849CC25584657BCC8587CBFE83AD0D6085612730996D115DF663C347653085612730896D1155731AE4CD8148295C41C826574C5558D5F6E9B40B092183D584657BC8C9B5A7C17AC24460F96D1152FE3A616DF052B8991836574C5ABB889C577C14A62E460195DF12ADEB871A33E949A2358498C1A2CA32BAE63F6E2BB6025316AB08CAEB88E878787F521D514C14A62C460195D715DE32EB1673D4CA4158295C488C132BA620B1F3C78501F5ACD10AC24460B96D1155B195179FDFA757D883541B092182D58F1C2C533E7C816C6D3BA3310AC24460B1630028295846001ED11AC24040B688F60252158407B042B09C102DA2358490816D01EC14A42B080F60856128205B447B092102CA03D8295846001ED11AC24040B688F60252158407B042B09C102DA2358490816D01EC14A42B080F60856128205B447B092102CA03D8295846001ED11AC24040B688F6025D13A587B7B7B8B93931372A7DDDFDF5F7A6FACA360155A078B647B05AB205864FF0A5641B0C8FE15AC826091FD2B5805C122FB57B00A8245F6AF6015048BEC5FC12A0816D9BF8255102CB27F05AB205864FF0A5641B0C8FE15AC826091FD2B5805C122FB57B00A8245F6AF6015048BEC5FC12A0816D9BF8255102CB27F05AB205864FF0A5641B0C8FE15AC826091FD2B5805C122FB57B00A8245F6AF6015048BEC5FC12A0816D9BF8255102CB27F05AB205864FF0A5641B0C8FE15AC826091FD2B5805C122FB57B00A8245F6AF6015048BEC5FC12A0816D9BF8255102CB27F05AB205864FF0A5641B0C8FE15AC826091FD2B5805C122FB57B00A8245F6AF6015048BEC5FC12A0816D9BF8255102CB27F05AB205864FF0A5641B0C8FE15AC826091FD2B5805C122FB57B00A8245F6AF6015048BEC5FC12A0816D9BF8255102CB27F05AB205864FF0A5641B0C8FE15AC826091FD2B5805C122FB57B00A8245F6AF6015048BEC5FC12A0816D9BF8255102CB27F05AB205864FF0A5641B0C8FE15AC826091FD2B5805C122FB57B00A8245F6AF6015048BEC5FC12A0816D9BF8255102CB27F05AB205864FF0A5641B0C8FE15AC826091FD2B5805C122FB57B00A8245F6AF6015048BEC5FC102804B2058008641B0000C8360011806C102300C82056018040BC03008168061102C00C32058008641B0000C8360011806C102300C82056018040BC03008168061102C00C32058008641B0000C8360011806C102300C82056018040BC03008168061102C00C32058008641B0000C8360011806C102300C82056018040BC03008168061102C00C320580086E1FF003B3B5E31DD23C9C30000000049454E44AE426082' as varbinary(max)),
	Batch INT NOT NULL, -- Khóa
	SpecificallyMajorID INT NOT NULL,
	LastModified DATE NOT NULL,
	Descriptor NVARCHAR(255) NULL,
	ConSTRAINT FK_SpecificallyMajorID_Students 
		FOREIGN KEY (SpecificallyMajorID) 
		REFERENCES SpecificallyMajors(SpecificallyMajorID) ,
	isDelete INT DEFAULT 0
);

GO


CREATE TABLE Employees (
	EmployeeID INT PRIMARY KEY IDENTITY(1,1),
	EmployeeName NVARCHAR(50) NOT NULL,
	Sex INT NOT NULL,
	Email VARCHAR(255) NULL,
	DateOfBirth DATE NOT NULL,
	PhoneNumber VARCHAR(10) NOT NULL,
	Provice NVARCHAR(50) NOT NULL,
	Title INT NOT NULL, -- Chức vụ 
	ReportTo INT NULL, -- Báo cáo tới
	Photo VARBINARY(max) DEFAULT cast('0x89504E470D0A1A0A0000000D494844520000012C0000012C0806000000797D8E7500000DF949444154785EEDDD7B7714C5DA40F1F3FDBF94120D2246F01215440515C115884A141151E65D0FABF29E3E35499864EA99A9EAF9EDB5F63F5C924E4FCF4E554D5FFEB3008041F84FFD0700D02B82056018040BC03008168061102C00C32058008641B0000C8360011806C102300C82056018040BC03008168061102C00C32058008641B0000C8360011806C102300C82056018040BC03008168061102C00C32058008641B0000C8360011806C102300C82056018040BC03008168061102C00C32058008641B0000C4317C13A3E3E5E1C1C1C90ECD8A3A3A3FAADBB71BA08D6CF3FFFBC78E79D774876EC4F3FFD54BF75378E60915C49C12A0816D9BF8255102CB27F05AB205864FF0A5641B0C8FE15AC826091FD2B5805C122FB57B00A8245F6AF6015048BEC5FC12A0816D9BF8255102CB27F05AB205864FF0A5641B0C8FE15AC826091FD2B5805C122FB57B00A8245F6AF6015048BEC5FC12A0816D9BF8255681DAC6BD7AE2DEEDEBD4BEEB47B7B7B4BEF8D7514AC42EB60BDF7DE7BF5B700768E0F3EF860E9BDB18E8255102CA03D8295846001ED11AC24040B688F60252158407B042B09C102DA2358490816D01EC14A42B080F60856128205B447B092102CA03D8295846001ED11AC24040B688F60252158407B042B09C102DA2358490816D01EC14A42B080F60856128205B447B092102CA03D8295846001ED11AC24040B688F60252158407B042B09C102DA2358490816D01EC14A42B080F60856128205B447B092102CA03D8295846001ED11AC24040B688F60252158407B042B09C102DA23584908D662F1E2C58BC5C9C9C9E2F9F3E7F55F015742B092D8B560BD7EFD7A717C7CBCF8FAEBAF17D7AF5F5FDAFED39FE1F0F070717474B478F5EA55FD2580B7225849EC52B01E3D7A746EA4CE736F6F6F71FFFEFDC53FFFFC537F39E05C042B895D08D61F7FFCB1B879F3E6D2B65EC6FDFDFDC5D3A74FEB2F0D9C89602531F76045646294546FE755FDFEFBEFEB6F012C215849CC3958AD7FB65363FD0BB808C14AA2F59BBA97603D7BF66C71EDDAB5A5ED6B650F0710FA45B0929863B0FEFEFBEF376B4EF5B6B53462185104CE42B0929863B0BEF9E69BA5EDCAF0D6AD5BF5B7C68AFCFBEFBFF51FCD0AC14A626EC18A934033A782B54F9E3CA937012B70EFDEBD3727EBCE15C14A626EC1FAF6DB6F97B62953A3ACCBF3EBAFBF2EDE7DF7DDC5DDBB77EBBF9A0D8295C4DC82D5FA40799BF1C68B3533AC469C807BE3C68D37FB2E4E3799EB09B9AD8F43C12ACC2958718268BD3D9BB087836914622AB80BFB4EB0929853B0E245ADB76713DEB973A7DE149CC16FBFFDF666443ADD77070707F53F9B058295C49C82B5E9F5AB536FDFBE5D6F0A2AE253C1D3A960ED1C4F0F11AC24E614AC58C4ADB76713C6758AB8988B4E3599E30855B09210ACF515AC8B8911543D159C1AA7A1CCED363E8295C49C8275D16FF14C4D09CF27A6821F7EF8E1D23EAB7DF8F061FD5F8746B0929853B0B6B5E8FEE5975FD69B82C2AABF44E6364A15AC24E614AC987AD4DBB3097FFCF1C77A53B078FB54B0363E459C0B8295C49C8215B73F7EFFFDF797B629DB38FF0BFFCBAA53C1A9731AA90A5612730A56109F38D5DB94E9DCA632AD58752A383516DFE772D580602531B760C568E732D390758DFD87FFE5B253C1A973995E0B5612730B56B0A9D31B3EFAE8A337D350FC97980AAE73FFFC9846CE01C14A628EC1FAEBAFBFDE6C47BD6D2D8D11C42FBFFC527FEB9DE72A53C1DAB89BC3E8085612730C561031B9EAB464153D8C629975A68253E7B0F82E5849CC3558419C8C586F5F0BE7F0866ACDBA53C1A973587C17AC24E61CACE0F1E3C74DEF401A531EEB56CB7CF7DD774BFB6A1D7FF8E187FA5B0C85602531F76005315559F7008A9F2BE28765E256C72DA68253E3CE0E23B3EEF1562B58855D0856105396F8AD7DD9C5F8189DC57308479FA264D1722A583BF2871A8295C4AE04EB94B82BC0D1D1D1E2F0F0F0DC78C568E1D34F3F7DB306169F38E27C5A4F05A7C66B342A8295C4AE05AB26EE291E539A535FBE7C59FF139C43C654706A8C6E477D3D042B895D0F16AE46E65470EAA8A78F08561282D52FBFFFFE7BB70F1CBD7FFFFED26B9F61BCF147FC5456B09210AC3E89A96A1CF4B196D65BB422A42D4F15799BC7C7C7F526748F602521587D327DA0C6679F7DD64DB4623BE21ACAFA75CFF4F3CF3FAF37A37B042B09C1EA8FB34630BD446B5353C1A9B1B03FDAA7B582958460F5C7AD5BB796F66B18238D6D46EBAC906ECA08E54808561282D5177160D6FB74EAB6A2B58DA9E0D4EBD7AF0FB5F82E584908563FC4D9F4ABDCE2791BD1DAC654B0F6E9D3A7F566758B60252158FD107781A8F7E7796E325A7117D76D4D05A7C63ADE2808561282D507F1C4987A5FBECDB874253B5A310D3B383858FADEDB3016DF5FBC78516F629708561282B57D223A977DC2CCA911ADCCB59D070F1E2C7DCF6D3ACAE2BB60252158DB272E3FA9F7E365CC8A562F53C1A9FBFBFB293F6B6B042B09C1DA2E7FFEF96793287CF1C5174DDFC83D4D056B9F3C79526F6E7708561282B55D6221B9DE8757B565B47A9B0A4EFDE4934FEACDED0EC14A42B0B647EB7D1FC6278DEB46ABC7A9E0D4587C8F9169CF085612ADDF3482B51A7171739C0C59EFBF16AE13ADF87F1F7FFCF1D2D7ECCDB8D6B267042B09C1DA0ED90F7BBD6AB4E236D2F5D7EAD1587CCF3EA5631D042B09C1DA3C714D5EE69D3A4FFDEAABAF2E15ADE7CF9F773D15AC8D5B5DF78A602521589B2502B2C96BF2225AAB30CA54706ACF8BEF829584606D96B75DDC9CE12AD11A652A58DBEBE2BB602521589B23EEE9B4B7B7B7B4CF36E19D3B77EACDF97F469B0A4E8D07DBF6886025B1CBC1DAF4A2ED652E6ECEF0AC688D38159C1A77B7D8F4EBB80A8295C4AE062B1ED2B9C9FBA5C7AD51EA7DB50DEB688D3A159C1AC7706F085612BB1AACD351452CDC66472BBE7E3C7ABDDE57DB324EA9085A5D16B46DE30EADBD215849EC62B0627435DDE6EC684D1F28D18B11AD91A782B5B10ED7138295C42E06EBAC37EAEDDBB753A235F282F648DEBB77AFDEF55B45B092D8B560D5A3ABA931B5884B665A72DE0325D8D6DE16DF052B895D0BD659A3ABA92DA3D57ADFF2621F3F7E5CBF045B43B09268FDA6EA3958178DAEA646D45EBD7A55FFF74BB1EA0325D8CE78DD7A41B092D8A560BD6D743575DD68655FDCCCB38D5BE3F4806025B12BC15A75743535EEB87995685DE581126CE3E9291BDB46B092D895605D66743535A215D3BB55D9F6034777DD38FE5AAD41AE836025B10BC1BACAE86A6A0468D568ADFB4009AEEFA3478FEA9765E3085612BB10ACAB8EAEA6AE12AD7866DEB62E6EE67FED61F15DB092987BB0D61D5D4DBD79F3E685D16AF94009AEE7C9C949FDF26C14C14A62EEC16A31BA9A1AD17AF9F265FD6DDE3C7AAAFEB7DC9EDB5E7C17AC24E61CAC96A3ABA975B4321F28C1AB1953F36D2EBE0B5612730E56EBD1D5D478B47CDC902F889BC8D57FCFEDBBCD37B9602531D760658DAEA646B4E23E579B78A0042F6F7C50B22D042B89B9062B7374C5717CF6EC597D686C04C14A628EC1DAC4E88A63B8CA03383210AC24E6182CA32B9E1AF722BBCAE555EB225849CC2D584657AC7DF8F0617D98A4235849CC2D584657AC8DD350368D602531A760195DF13CE30E1A9B44B0929853B08CAE789EF14CC84D225849CC25584657BCC8587CBFE83AD0D6085612730996D115DF663C347653085612730896D1155731AE4CD8148295C41C826574C5558D5F6E9B40B092183D584657BC8C9B5A7C17AC24460F96D1152FE3A616DF052B8991836574C5ABB889C577C14A62E460195DF12ADEB871A33E949A2358498C1A2CA32BAE63F6E2BB6025316AB08CAEB88E878787F521D514C14A62C460195D715DE32EB1673D4CA4158295C488C132BA620B1F3C78501F5ACD10AC24460B96D1155B195179FDFA757D883541B092182D58F1C2C533E7C816C6D3BA3310AC24460B1630028295846001ED11AC24040B688F60252158407B042B09C102DA2358490816D01EC14A42B080F60856128205B447B092102CA03D8295846001ED11AC24040B688F60252158407B042B09C102DA2358490816D01EC14A42B080F60856128205B447B092102CA03D8295846001ED11AC24040B688F6025D13A587B7B7B8B93931372A7DDDFDF5F7A6FACA360155A078B647B05AB205864FF0A5641B0C8FE15AC826091FD2B5805C122FB57B00A8245F6AF6015048BEC5FC12A0816D9BF8255102CB27F05AB205864FF0A5641B0C8FE15AC826091FD2B5805C122FB57B00A8245F6AF6015048BEC5FC12A0816D9BF8255102CB27F05AB205864FF0A5641B0C8FE15AC826091FD2B5805C122FB57B00A8245F6AF6015048BEC5FC12A0816D9BF8255102CB27F05AB205864FF0A5641B0C8FE15AC826091FD2B5805C122FB57B00A8245F6AF6015048BEC5FC12A0816D9BF8255102CB27F05AB205864FF0A5641B0C8FE15AC826091FD2B5805C122FB57B00A8245F6AF6015048BEC5FC12A0816D9BF8255102CB27F05AB205864FF0A5641B0C8FE15AC826091FD2B5805C122FB57B00A8245F6AF6015048BEC5FC12A0816D9BF8255102CB27F05AB205864FF0A5641B0C8FE15AC826091FD2B5805C122FB57B00A8245F6AF6015048BEC5FC12A0816D9BF8255102CB27F05AB205864FF0A5641B0C8FE15AC826091FD2B5805C122FB57B00A8245F6AF6015048BEC5FC12A0816D9BF8255102CB27F05AB205864FF0A5641B0C8FE15AC826091FD2B5805C122FB57B00A8245F6AF6015048BEC5FC102804B2058008641B0000C8360011806C102300C82056018040BC03008168061102C00C32058008641B0000C8360011806C102300C82056018040BC03008168061102C00C32058008641B0000C8360011806C102300C82056018040BC03008168061102C00C32058008641B0000C8360011806C102300C82056018040BC03008168061102C00C320580086E1FF003B3B5E31DD23C9C30000000049454E44AE426082' as varbinary(max)),
	LastModified DATE NOT NULL,
	Descriptor NVARCHAR(255) NULL,
	ConSTRAINT FK_ReportTo_Employees FOREIGN KEY (ReportTo) REFERENCES Employees(EmployeeID),
	isDelete INT DEFAULT 0
);


GO

CREATE TABLE Buildings (
	BuildingID INT PRIMARY KEY IDENTITY(1,1),
	BuildingCode VARCHAR(5) NOT NULL,
	LastModified DATE NOT NULL,
	Descriptor NVARCHAR(255) NULL,
	isDelete INT DEFAULT 0
);
go

CREATE TABLE Classrooms (
	ClassroomID INT PRIMARY KEY IDENTITY(1,1),
	NumberOfFloor INT NOT NULL,
	NumberOfRoom INT NOT NULL,
	BuildingID INT NOT NULL,
	Status INT NOT NULL,
	LastModified DATE NOT NULL,
	Descriptor NVARCHAR(255) NULL,
	ConSTRAINT FK_BuildingID_Classrooms FOREIGN KEY(BuildingID)
		REFERENCES Buildings(BuildingID),
	isDelete INT DEFAULT 0
);

GO

CREATE TABLE Classes (
	ClassID INT PRIMARY KEY IDENTITY (1,1),
	MajorID INT NULL,
	SpecificallyMajorID INT NULL,
	Batch INT NOT NULL,
	LastModified DATE,
	Descriptor NVARCHAR(255) NULL,
	ConSTRAINT FK_MajorID_Classes FOREIGN KEY (MajorID) 
		REFERENCES Majors(MajorID),
	ConSTRAINT FK_SpecificallyMajorID_Classes FOREIGN KEY (SpecificallyMajorID) 
		REFERENCES SpecificallyMajors(SpecificallyMajorID),
	isDelete INT DEFAULT 0
);


GO


CREATE TABLE Teachers (
	TeacherID INT PRIMARY KEY IDENTITY(1,1),
	TeacherName NVARCHAR(50) NOT NULL,
	Sex INT NOT NULL,
	Email VARCHAR(255) NULL,
	DateOfBirth DATE NOT NULL,
	PhoneNumber VARCHAR(10) NOT NULL,
	Provice NVARCHAR(50) NOT NULL,
	MajorID INT NOT NULL,
	TeacherManagerID INT NULL,
	Photo VARBINARY(max) DEFAULT cast('0x89504E470D0A1A0A0000000D494844520000012C0000012C0806000000797D8E7500000DF949444154785EEDDD7B7714C5DA40F1F3FDBF94120D2246F01215440515C115884A141151E65D0FABF29E3E35499864EA99A9EAF9EDB5F63F5C924E4FCF4E554D5FFEB3008041F84FFD0700D02B82056018040BC03008168061102C00C32058008641B0000C8360011806C102300C82056018040BC03008168061102C00C32058008641B0000C8360011806C102300C82056018040BC03008168061102C00C32058008641B0000C8360011806C102300C82056018040BC03008168061102C00C32058008641B0000C4317C13A3E3E5E1C1C1C90ECD8A3A3A3FAADBB71BA08D6CF3FFFBC78E79D774876EC4F3FFD54BF75378E60915C49C12A0816D9BF8255102CB27F05AB205864FF0A5641B0C8FE15AC826091FD2B5805C122FB57B00A8245F6AF6015048BEC5FC12A0816D9BF8255102CB27F05AB205864FF0A5641B0C8FE15AC826091FD2B5805C122FB57B00A8245F6AF6015048BEC5FC12A0816D9BF8255681DAC6BD7AE2DEEDEBD4BEEB47B7B7B4BEF8D7514AC42EB60BDF7DE7BF5B700768E0F3EF860E9BDB18E8255102CA03D8295846001ED11AC24040B688F60252158407B042B09C102DA2358490816D01EC14A42B080F60856128205B447B092102CA03D8295846001ED11AC24040B688F60252158407B042B09C102DA2358490816D01EC14A42B080F60856128205B447B092102CA03D8295846001ED11AC24040B688F60252158407B042B09C102DA2358490816D01EC14A42B080F60856128205B447B092102CA03D8295846001ED11AC24040B688F60252158407B042B09C102DA23584908D662F1E2C58BC5C9C9C9E2F9F3E7F55F015742B092D8B560BD7EFD7A717C7CBCF8FAEBAF17D7AF5F5FDAFED39FE1F0F070717474B478F5EA55FD2580B7225849EC52B01E3D7A746EA4CE736F6F6F71FFFEFDC53FFFFC537F39E05C042B895D08D61F7FFCB1B879F3E6D2B65EC6FDFDFDC5D3A74FEB2F0D9C89602531F76045646294546FE755FDFEFBEFEB6F012C215849CC3958AD7FB65363FD0BB808C14AA2F59BBA97603D7BF66C71EDDAB5A5ED6B650F0710FA45B0929863B0FEFEFBEF376B4EF5B6B53462185104CE42B0929863B0BEF9E69BA5EDCAF0D6AD5BF5B7C68AFCFBEFBFF51FCD0AC14A626EC18A934033A782B54F9E3CA937012B70EFDEBD3727EBCE15C14A626EC1FAF6DB6F97B62953A3ACCBF3EBAFBF2EDE7DF7DDC5DDBB77EBBF9A0D8295C4DC82D5FA40799BF1C68B3533AC469C807BE3C68D37FB2E4E3799EB09B9AD8F43C12ACC2958718268BD3D9BB087836914622AB80BFB4EB0929853B0E245ADB76713DEB973A7DE149CC16FBFFDF666443ADD77070707F53F9B058295C49C82B5E9F5AB536FDFBE5D6F0A2AE253C1D3A960ED1C4F0F11AC24E614AC58C4ADB76713C6758AB8988B4E3599E30855B09210ACF515AC8B8911543D159C1AA7A1CCED363E8295C49C8275D16FF14C4D09CF27A6821F7EF8E1D23EAB7DF8F061FD5F8746B0929853B0B6B5E8FEE5975FD69B82C2AABF44E6364A15AC24E614AC987AD4DBB3097FFCF1C77A53B078FB54B0363E459C0B8295C49C8215B73F7EFFFDF797B629DB38FF0BFFCBAA53C1A9731AA90A5612730A56109F38D5DB94E9DCA632AD58752A383516DFE772D580602531B760C568E732D390758DFD87FFE5B253C1A973995E0B5612730B56B0A9D31B3EFAE8A337D350FC97980AAE73FFFC9846CE01C14A628EC1FAEBAFBFDE6C47BD6D2D8D11C42FBFFC527FEB9DE72A53C1DAB89BC3E8085612730C561031B9EAB464153D8C629975A68253E7B0F82E5849CC3558419C8C586F5F0BE7F0866ACDBA53C1A973587C17AC24E61CACE0F1E3C74DEF401A531EEB56CB7CF7DD774BFB6A1D7FF8E187FA5B0C85602531F76005315559F7008A9F2BE28765E256C72DA68253E3CE0E23B3EEF1562B58855D0856105396F8AD7DD9C5F8189DC57308479FA264D1722A583BF2871A8295C4AE04EB94B82BC0D1D1D1E2F0F0F0DC78C568E1D34F3F7DB306169F38E27C5A4F05A7C66B342A8295C4AE05AB26EE291E539A535FBE7C59FF139C43C654706A8C6E477D3D042B895D0F16AE46E65470EAA8A78F08561282D52FBFFFFE7BB70F1CBD7FFFFED26B9F61BCF147FC5456B09210AC3E89A96A1CF4B196D65BB422A42D4F15799BC7C7C7F526748F602521587D327DA0C6679F7DD64DB4623BE21ACAFA75CFF4F3CF3FAF37A37B042B09C1EA8FB34630BD446B5353C1A9B1B03FDAA7B582958460F5C7AD5BB796F66B18238D6D46EBAC906ECA08E54808561282D5177160D6FB74EAB6A2B58DA9E0D4EBD7AF0FB5F82E584908563FC4D9F4ABDCE2791BD1DAC654B0F6E9D3A7F566758B60252158FD107781A8F7E7796E325A7117D76D4D05A7C63ADE2808561282D507F1C4987A5FBECDB874253B5A310D3B383858FADEDB3016DF5FBC78516F629708561282B57D223A977DC2CCA911ADCCB59D070F1E2C7DCF6D3ACAE2BB60252158DB272E3FA9F7E365CC8A562F53C1A9FBFBFB293F6B6B042B09C1DA2E7FFEF96793287CF1C5174DDFC83D4D056B9F3C79526F6E7708561282B55D6221B9DE8757B565B47A9B0A4EFDE4934FEACDED0EC14A42B0B647EB7D1FC6278DEB46ABC7A9E0D4587C8F9169CF085612ADDF3482B51A7171739C0C59EFBF16AE13ADF87F1F7FFCF1D2D7ECCDB8D6B267042B09C1DA0ED90F7BBD6AB4E236D2F5D7EAD1587CCF3EA5631D042B09C1DA3C714D5EE69D3A4FFDEAABAF2E15ADE7CF9F773D15AC8D5B5DF78A602521589B2502B2C96BF2225AAB30CA54706ACF8BEF829584606D96B75DDC9CE12AD11A652A58DBEBE2BB602521589B23EEE9B4B7B7B7B4CF36E19D3B77EACDF97F469B0A4E8D07DBF6886025B1CBC1DAF4A2ED652E6ECEF0AC688D38159C1A77B7D8F4EBB80A8295C4AE062B1ED2B9C9FBA5C7AD51EA7DB50DEB688D3A159C1AC7706F085612BB1AACD351452CDC66472BBE7E3C7ABDDE57DB324EA9085A5D16B46DE30EADBD215849EC62B0627435DDE6EC684D1F28D18B11AD91A782B5B10ED7138295C42E06EBAC37EAEDDBB753A235F282F648DEBB77AFDEF55B45B092D8B560D5A3ABA931B5884B665A72DE0325D8D6DE16DF052B895D0BD659A3ABA92DA3D57ADFF2621F3F7E5CBF045B43B09268FDA6EA3958178DAEA646D45EBD7A55FFF74BB1EA0325D8CE78DD7A41B092D8A560BD6D743575DD68655FDCCCB38D5BE3F4806025B12BC15A75743535EEB87995685DE581126CE3E9291BDB46B092D895605D66743535A215D3BB55D9F6034777DD38FE5AAD41AE836025B10BC1BACAE86A6A0468D568ADFB4009AEEFA3478FEA9765E3085612BB10ACAB8EAEA6AE12AD7866DEB62E6EE67FED61F15DB092987BB0D61D5D4DBD79F3E685D16AF94009AEE7C9C949FDF26C14C14A62EEC16A31BA9A1AD17AF9F265FD6DDE3C7AAAFEB7DC9EDB5E7C17AC24E61CAC96A3ABA975B4321F28C1AB1953F36D2EBE0B5612730E56EBD1D5D478B47CDC902F889BC8D57FCFEDBBCD37B9602531D760658DAEA646B4E23E579B78A0042F6F7C50B22D042B89B9062B7374C5717CF6EC597D686C04C14A628EC1DAC4E88A63B8CA03383210AC24E6182CA32B9E1AF722BBCAE555EB225849CC2D584657AC7DF8F0617D98A4235849CC2D584657AC8DD350368D602531A760195DF13CE30E1A9B44B0929853B08CAE789EF14CC84D225849CC25584657BCC8587CBFE83AD0D6085612730996D115DF663C347653085612730896D1155731AE4CD8148295C41C826574C5558D5F6E9B40B092183D584657BC8C9B5A7C17AC24460F96D1152FE3A616DF052B8991836574C5ABB889C577C14A62E460195DF12ADEB871A33E949A2358498C1A2CA32BAE63F6E2BB6025316AB08CAEB88E878787F521D514C14A62C460195D715DE32EB1673D4CA4158295C488C132BA620B1F3C78501F5ACD10AC24460B96D1155B195179FDFA757D883541B092182D58F1C2C533E7C816C6D3BA3310AC24460B1630028295846001ED11AC24040B688F60252158407B042B09C102DA2358490816D01EC14A42B080F60856128205B447B092102CA03D8295846001ED11AC24040B688F60252158407B042B09C102DA2358490816D01EC14A42B080F60856128205B447B092102CA03D8295846001ED11AC24040B688F6025D13A587B7B7B8B93931372A7DDDFDF5F7A6FACA360155A078B647B05AB205864FF0A5641B0C8FE15AC826091FD2B5805C122FB57B00A8245F6AF6015048BEC5FC12A0816D9BF8255102CB27F05AB205864FF0A5641B0C8FE15AC826091FD2B5805C122FB57B00A8245F6AF6015048BEC5FC12A0816D9BF8255102CB27F05AB205864FF0A5641B0C8FE15AC826091FD2B5805C122FB57B00A8245F6AF6015048BEC5FC12A0816D9BF8255102CB27F05AB205864FF0A5641B0C8FE15AC826091FD2B5805C122FB57B00A8245F6AF6015048BEC5FC12A0816D9BF8255102CB27F05AB205864FF0A5641B0C8FE15AC826091FD2B5805C122FB57B00A8245F6AF6015048BEC5FC12A0816D9BF8255102CB27F05AB205864FF0A5641B0C8FE15AC826091FD2B5805C122FB57B00A8245F6AF6015048BEC5FC12A0816D9BF8255102CB27F05AB205864FF0A5641B0C8FE15AC826091FD2B5805C122FB57B00A8245F6AF6015048BEC5FC12A0816D9BF8255102CB27F05AB205864FF0A5641B0C8FE15AC826091FD2B5805C122FB57B00A8245F6AF6015048BEC5FC12A0816D9BF8255102CB27F05AB205864FF0A5641B0C8FE15AC826091FD2B5805C122FB57B00A8245F6AF6015048BEC5FC102804B2058008641B0000C8360011806C102300C82056018040BC03008168061102C00C32058008641B0000C8360011806C102300C82056018040BC03008168061102C00C32058008641B0000C8360011806C102300C82056018040BC03008168061102C00C32058008641B0000C8360011806C102300C82056018040BC03008168061102C00C320580086E1FF003B3B5E31DD23C9C30000000049454E44AE426082' as varbinary(max)),
	LastModified DATE NOT NULL,
	Descriptor NVARCHAR(255) NULL,
	CONSTRAINT FK_MajorID_Teachers FOREIGN KEY (MajorID) REFERENCES Majors(MajorID),
	CONSTRAINT FK_TeacherManagerID_Teachers FOREIGN KEY (TeacherManagerID) REFERENCES Teachers(TeacherID),
	isDelete INT DEFAULT 0
);


GO

CREATE TABLE Teachingassignments (
	TeachingassignmentID INT PRIMARY KEY IDENTITY(1,1),
	SubjectDetailID INT NULL,
	ClassID INT NULL,
	TeacherID INT NULL,
	TeachInShift INT NULL,
	ClassroomID INT NULL,
	Semester INT NULL,
	Season VARCHAR(10) NULL,
	Block INT NULL,
	LastModified DATE NOT NULL,
	Descriptor NVARCHAR(255) NULL,
	ConSTRAINT FK_SubjectDetailID_Teachingassignments 
		FOREIGN KEY (SubjectDetailID) REFERENCES SubjectsDetail(SubjectDetailID),
	ConSTRAINT FK_TeacherID_Teachingassignments 
		FOREIGN KEY (TeacherID) REFERENCES Teachers(TeacherID),
	ConSTRAINT FK_ClassID_Teachingassignments 
		FOREIGN KEY (ClassID) REFERENCES Classes(ClassID),
	ConSTRAINT FK_ClassroomID_Teachingassignments 
		FOREIGN KEY (ClassroomID) REFERENCES Classrooms(ClassroomID),
	isDelete INT DEFAULT 0
);


GO

CREATE TABLE Attendances (
	AttendanceID INT PRIMARY KEY IDENTITY(1,1),
	TeachingassignmentID INT NOT NULL,
	StudentID INT NOT NULL,
	Today DATE NOT NULL,
	Descriptor NVARCHAR(255) NULL,
	ConSTRAINT FK_TeachingassignmentID_Attendances FOREIGN KEY (TeachingassignmentID) REFERENCES Teachingassignments(TeachingassignmentID), 
	ConSTRAINT FK_StudentID_Attendances FOREIGN KEY (StudentID) REFERENCES Students(StudentID)
);

GO

CREATE TABLE StudyingParticipations (
	ParticipationID INT PRIMARY KEY IDENTITY(1,1),
	TeachingassignmentID INT NOT NULL,
	StudentID INT NOT NULL,
	Status INT NOT NULL,
	ConSTRAINT FK_TeachingassignmentID_StudyingParticipations
		FOREIGN KEY (TeachingassignmentID) 
		REFERENCES Teachingassignments(TeachingassignmentID),
	ConSTRAINT FK_StudentID_StudyingParticipations
		FOREIGN KEY (StudentID) 
		REFERENCES Students(StudentID)
);

GO

CREATE TABLE UserInformations (
	UserID INT PRIMARY KEY IDENTITY(1,1),
	Username VARCHAR(50) NOT NULL,
	Password VARCHAR(30) NOT NULL,
	StudentID INT NULL,
	TeacherID INT NULL,
	EmployeeID INT NULL,
	Role INT NOT NULL,
	LastModified DATE NOT NULL,
	ConSTRAINT FK_StudentID_UserInformations
		FOREIGN KEY (StudentID) 
		REFERENCES Students(StudentID),
	ConSTRAINT FK_TeacherID_UserInformations
		FOREIGN KEY (TeacherID) 
		REFERENCES Teachers(TeacherID),
	ConSTRAINT FK_EmployeeID_UserInformations
		FOREIGN KEY (EmployeeID) 
		REFERENCES Employees(EmployeeID),
	isDelete INT DEFAULT  0
);

GO
CREATE TABLE Grades (
	GradeID INT PRIMARY KEY IDENTITY(1,1),
	StudentID INT NOT NULL,
	SubjectDetailID INT NOT NULL,
	LastModified DATE NOT NULL,
	Lab1 INT NULL,
	Lab2 INT NULL,
	Lab3 INT NULL,
	Lab4 INT NULL,
	Lab5 INT NULL,
	Lab6 INT NULL,
	Lab7 INT NULL,
	Lab8 INT NULL,
	Quiz1 INT NULL,
	Quiz2 INT NULL,
	Quiz3 INT NULL,
	Quiz4 INT NULL,
	Quiz5 INT NULL,
	Quiz6 INT NULL,
	Quiz7 INT NULL,
	Quiz8 INT NULL,
	assignment1 INT NULL,
	assignment2 INT NULL,
	assignmentFinal INT NULL,
	Descriptor NVARCHAR(255) NULL,
	ConSTRAINT FK_StudentID_Grades
		FOREIGN KEY (StudentID) 
		REFERENCES Students(StudentID),
	ConSTRAINT FK_SubjectDetailID_Grades
		FOREIGN KEY (SubjectDetailID) 
		REFERENCES SubjectsDetail(SubjectDetailID)
);

drop table grades


INSERT INTO Majors
(MajorName, MajorCode, LastModified, Descriptor)
VALUES 
(N'Công nghệ thông tin', 'IT', getdate(), null),
(N'Quản trị kinh doanh', 'BM', getdate(), null),
(N'Công nghệ kĩ thuật điều khiển và Tự động hóa', 'AUT', getdate(), null),
(N'Đồ họa', 'GD', getdate(), null);


alter TABLE majors
add isDelete INT

update majors
SET isDelete = 0
delete from students
delete from mssv
DELETE FROM SpecificallyMajors
delete from classes
DELETE FROM Majors
delete from teachers
delete from UserInformations
delete from msgv
delete from subjectsdetail
delete from Teachingassignments
delete from StudyingParticipations


select * from Majors
INSERT INTO SpecificallyMajors
(SpecificallyMajorName, SpecificallyMajorCode, MajorID, LastModified, Descriptor)
VALUES 
(N'Phát triển phần mềm (Công nghệ Java)', 'SD', '1', GETDATE(), NULL),
(N'Phát triển phần mềm (Công nghệ C#)', 'SD', '1', GETDATE(), NULL),
(N'Ứng dụng phần mềm', 'SE', '1', GETDATE(), NULL),
(N'Lập trình Web', 'WEB', '1', GETDATE(), NULL),
(N'Lập trình Mobile', 'MOB', '1', GETDATE(), NULL),
(N'Lập trình Game', 'GAM', '1', GETDATE(), NULL),
(N'Xử lý dữ liệu', 'DA', '1', GETDATE(), NULL),

(N'Marketing & Sales', 'MKT', '2', GETDATE(), NULL),
(N'Quan hệ công chúng & Tổ chức sự kiện', 'PR', '2', GETDATE(), NULL),
(N'Digital Marketing', 'DM', '2', GETDATE(), NULL),
(N'Quản trị khách sạn', 'HM', '2', GETDATE(), NULL),
(N'Quản trị nhà hàng', 'RM', '2', GETDATE(), NULL),
(N'Logistics', 'LOG', '2', GETDATE(), NULL),

(N'CN kĩ thuật điều khiển và tự động hóa', 'AT', '3', GETDATE(), NULL),

(N'Thiết kế đồ họa - Vẽ', 'GD', '4', GETDATE(), NULL),
(N'Thiết kế đồ họa - Dựng phim', 'VFX', '4', GETDATE(), NULL);


INSERT INTO Subjects 
(SubjectName, SubjectCode, Credit, TypeOfSubject, FurLough, MajorID, LastModified, Descriptor)
VALUES
(N'Nhập môn lập trình', 'COM', '3', '1', '3', '1', GETDATE(), NULL),
(N'Tin học cơ sở', 'COM', '3', '2', '3', '1', GETDATE(), NULL),
(N'Tin học văn phòng', 'COM', '3', '2', '3', '1', GETDATE(), NULL),
(N'Cơ sở dữ liệu', 'COM', '3', '1', '3', '1', GETDATE(), NULL),
(N'Quản trị với cơ sở dữ liệu', 'COM', '3', '1', '3', '1', GETDATE(), NULL),

(N'Quản lý dự án với Agile', 'PMA', '3', '3', '3', '1', GETDATE(), NULL),

(N'Lập trình Java 1', 'SOF', '3', '1', '3', '1', GETDATE(), NULL),
(N'Lập trình Java 2', 'SOF', '3', '1', '3', '1', GETDATE(), NULL),
(N'Lập trình Java 3', 'SOF', '3', '1', '3', '1', GETDATE(), NULL),
(N'Lập trình Java 4', 'SOF', '3', '1', '3', '1', GETDATE(), NULL),
(N'Lập trình Java 5', 'SOF', '3', '1', '3', '1', GETDATE(), NULL),
(N'Lập trình Java 6', 'SOF', '3', '1', '3', '1', GETDATE(), NULL),

(N'Lập trình C# 1', 'NET', '3', '1', '3', '1', GETDATE(), NULL),
(N'Lập trình C# 2', 'NET', '3', '1', '3', '1', GETDATE(), NULL),
(N'Lập trình C# 3', 'NET', '3', '1', '3', '1', GETDATE(), NULL),
(N'Lập trình C# 4', 'NET', '3', '1', '3', '1', GETDATE(), NULL),
(N'Lập trình C# 5', 'NET', '3', '1', '3', '1', GETDATE(), NULL),
(N'Lập trình C# 6', 'NET', '3', '1', '3', '1', GETDATE(), NULL),
(N'Lập trình Android 1', 'AND', '3', '1', '3', '1', GETDATE(), NULL),
(N'Lập trình Android 2', 'AND', '3', '1', '3', '1', GETDATE(), NULL),
(N'Lập trình Android 3', 'AND', '3', '1', '3', '1', GETDATE(), NULL),
(N'Lập trình Android 4', 'AND', '3', '1', '3', '1', GETDATE(), NULL),
(N'Lập trình Android 5', 'AND', '3', '1', '3', '1', GETDATE(), NULL),
(N'Lập trình Android 6', 'AND', '3', '1', '3', '1', GETDATE(), NULL),
(N'Lập trình cơ bản với HTML', 'WEB', '3', '2', '3', '1', GETDATE(), NULL),
(N'Lập trình cơ sở với Javascript', 'WEB', '3', '2', '3', '1', GETDATE(), NULL),
(N'Lập trình PHP 1', 'WEB', '3', '1', '3', '1', GETDATE(), NULL),
(N'Lập trình PHP 2', 'WEB', '3', '1', '3', '1', GETDATE(), NULL),
(N'Lập trình PHP 3', 'WEB', '3', '1', '3', '1', GETDATE(), NULL),
(N'Lập trình PHP 4', 'WEB', '3', '1', '3', '1', GETDATE(), NULL),
(N'Lập trình PHP 5', 'WEB', '3', '1', '3', '1', GETDATE(), NULL),
(N'Lập trình PHP 6', 'WEB', '3', '1', '3', '1', GETDATE(), NULL);

select * from Subjects
SELECT * FROM SpecificallyMajors
alter table subjectsDetail
add SpecificallyMajorTogether INT NULL

select * from SubjectsDetail
INSERT INTO SubjectsDetail
(SubjectID, SpecificallyMajorID, LastModified, Descriptor)
VALUES
('1', 2, GETDATE(), NULL),
('1', 3, GETDATE(), NULL),
('1', 4, GETDATE(), NULL),

('2', 2, GETDATE(), NULL),
('2', 3, GETDATE(), NULL),
('2', 4, GETDATE(), NULL),

('3', 2, GETDATE(), NULL),
('3', 3, GETDATE(), NULL),
('3', 4, GETDATE(), NULL),

('4', 2, GETDATE(), NULL),
('4', 3, GETDATE(), NULL),
('4', 4, GETDATE(), NULL),

('5', '1', GETDATE(), NULL),
('5', '2', GETDATE(), NULL),

('6', '1', GETDATE(), NULL),
('6', '2', GETDATE(), NULL),

('7', '1', GETDATE(), NULL),
('7', '4', GETDATE(), NULL),

('8', '1', GETDATE(), NULL),
('9', '1', GETDATE(), NULL),
('10','1', GETDATE(), NULL),
('11','1', GETDATE(), NULL),
('12', '1', GETDATE(), NULL),

('13', '2', GETDATE(), NULL),
('14', '2', GETDATE(), NULL),
('15', '2', GETDATE(), NULL),
('16', '2', GETDATE(), NULL),
('17', '2', GETDATE(), NULL),
('18', '2', GETDATE(), NULL),

('19', '5', GETDATE(), NULL),
('20', '5', GETDATE(), NULL),
('21', '5', GETDATE(), NULL),
('22', '5', GETDATE(), NULL),
('23', '5', GETDATE(), NULL),
('24', '5', GETDATE(), NULL),

('25', '1', GETDATE(), NULL),
('25', '2', GETDATE(), NULL),
('25', '3', GETDATE(), NULL),
('25', '4', GETDATE(), NULL),

('26', '1', GETDATE(), NULL),
('26', '2', GETDATE(), NULL),
('26', '3', GETDATE(), NULL),
('26', '4', GETDATE(), NULL),

('27', '4', GETDATE(), NULL),
('28', '4', GETDATE(), NULL),
('29', '4', GETDATE(), NULL),
('30', '4', GETDATE(), NULL),
('31', '4', GETDATE(), NULL),
('32', '4', GETDATE(), NULL);


INSERT INTO Students
(FullName, Sex, Batch, Email, PhoneNumber, DateOfBirth, Provice, SpecificallyMajorID, LastModified, Descriptor)
VALUES 
(N'Nguyễn Thái Nguyên', '1', '183', 'nguyenntph00001@fpt.edu.vn', '0336514962', '2004-03-11', N'Phú Thọ', '1', GETDATE(), NULL),
(N'Bùi Hoàng Dũng', '1', '183', 'dungbhph00002@fpt.edu.vn', '0369396969', '2004-12-06', N'Phú Thọ', '1', GETDATE(), NULL),
(N'Nông Tiến Sơn', '1', '183', 'sonntph00003@fpt.edu.vn', '0988766214', '2004-10-13', N'Cao Bằng', '1', GETDATE(), NULL),
(N'Nguyễn Thị Thanh Thảo', '2','183', 'thaonntph00004@fpt.edu.vn', '0812445567', '2004-11-04', N'Hà Nội', '1', GETDATE(), NULL),
(N'Phùng Trọng Hiếu', '1', '183', 'hieuptph00005@fpt.edu.vn', '0911456782', '2004-06-11', N'Phú Thọ', '4', GETDATE(), NULL),
(N'Hoàng Quang Linh', '1', '183', 'linhhqph00006@fpt.edu.vn', '0336552127', '1999-05-04', N'Hà Nội', '1', GETDATE(), NULL),
(N'Vũ Thị Kim Thư', '2', '183', 'thuvtkph00007@fpt.edu.vn', '0896717185', '2004-03-31', N'Thanh Ba', '1', GETDATE(), NULL),
(N'Nguyễn Bá Hiệp', '1', '183', 'hiepnbph00008@fpt.edu.vn', '0985641263', '2001-02-27', N'Hà Nội', '5', GETDATE(), NULL),
(N'Nguyễn Hoàng Luân', '1', '183', 'luannhph00009@fpt.edu.vn', '0988665113', '2004-06-28', N'Hà Nội', '1', GETDATE(), NULL),
(N'Nguyễn Tiến Đạt', '1', '183', 'datntph00010@fpt.edu.vn', '0961163387', '2004-01-12', N'Phú Thọ', '5', GETDATE(), NULL),
(N'Phạm Trung Kiên', '1', '183', 'kienptph00011@fpt.edu.vn', '0877238491', '2004-05-05', N'Hà Nội', '4', GETDATE(), NULL),
(N'Vũ Tiến Vinh', '1', '183', 'vinhvtph00012@fpt.edu.vn', '0338790976', '2004-01-03', N'Phú Thọ', '4', GETDATE(), NULL),
(N'Vũ Anh Trường', '1', '183', 'truongvaph00013@fpt.edu.vn', '0313118445', '2004-07-12', N'Phú Thọ', '4', GETDATE(), NULL),






CREATE OR ALTER function convertText(@text NVARCHAR(MAX))
RETURNS VARCHAR(MAX)
as
begin
SET @text = replace(@text, N'ă', 'a');
SET @text = replace(@text, N'â', 'a');
SET @text = replace(@text, N'đ', 'd');
SET @text = replace(@text, N'ê', 'e');
SET @text = replace(@text, N'ô', 'o');
SET @text = replace(@text, N'ơ', 'o');
SET @text = replace(@text, N'ư', 'u');

SET @text = replace(@text, N'á', 'a');
SET @text = replace(@text, N'à', 'a');
SET @text = replace(@text, N'ả', 'a');
SET @text = replace(@text, N'ã', 'a');
SET @text = replace(@text, N'ạ', 'a');

SET @text = replace(@text, N'ắ', 'a');
SET @text = replace(@text, N'ằ', 'a');
SET @text = replace(@text, N'ẳ', 'a');
SET @text = replace(@text, N'ẵ', 'a');
SET @text = replace(@text, N'ặ', 'a');

SET @text = replace(@text, N'ấ', 'a');
SET @text = replace(@text, N'ầ', 'a');
SET @text = replace(@text, N'ẩ', 'a');
SET @text = replace(@text, N'ẫ', 'a');
SET @text = replace(@text, N'ậ', 'a');

SET @text = replace(@text, N'é', 'e');
SET @text = replace(@text, N'è', 'e');
SET @text = replace(@text, N'ẻ', 'e');
SET @text = replace(@text, N'ẽ', 'e');
SET @text = replace(@text, N'ẹ', 'e');

SET @text = replace(@text, N'ế', 'e');
SET @text = replace(@text, N'ề', 'e');
SET @text = replace(@text, N'ể', 'e');
SET @text = replace(@text, N'ễ', 'e');
SET @text = replace(@text, N'ệ', 'e');

SET @text = replace(@text, N'ó', 'o');
SET @text = replace(@text, N'ò', 'o');
SET @text = replace(@text, N'ỏ', 'o');
SET @text = replace(@text, N'õ', 'o');
SET @text = replace(@text, N'ọ', 'o');

SET @text = replace(@text, N'ố', 'o');
SET @text = replace(@text, N'ồ', 'o');
SET @text = replace(@text, N'ổ', 'o');
SET @text = replace(@text, N'ỗ', 'o');
SET @text = replace(@text, N'ộ', 'o');

SET @text = replace(@text, N'ớ', 'o');
SET @text = replace(@text, N'ờ', 'o');
SET @text = replace(@text, N'ở', 'o');
SET @text = replace(@text, N'ỡ', 'o');
SET @text = replace(@text, N'ợ', 'o');

SET @text = replace(@text, N'ú', 'u');
SET @text = replace(@text, N'ù', 'u');
SET @text = replace(@text, N'ủ', 'u');
SET @text = replace(@text, N'ũ', 'u');
SET @text = replace(@text, N'ụ', 'u');

SET @text = replace(@text, N'ứ', 'u');
SET @text = replace(@text, N'ừ', 'u');
SET @text = replace(@text, N'ử', 'u');
SET @text = replace(@text, N'ữ', 'u');
SET @text = replace(@text, N'ự', 'u');

SET @text = replace(@text, N'í', 'i');
SET @text = replace(@text, N'ì', 'i');
SET @text = replace(@text, N'ỉ', 'i');
SET @text = replace(@text, N'ĩ', 'i');
SET @text = replace(@text, N'ị', 'i');

SET @text = replace(@text, N'ý', 'y');
SET @text = replace(@text, N'ỳ', 'y');
SET @text = replace(@text, N'ỷ', 'y');
SET @text = replace(@text, N'ỹ', 'y');
SET @text = replace(@text, N'ỵ', 'y');
RETURN @text;
end;

declare @input NVARCHAR(MAX) = N'Nguyễn Thái Nguyên';
prINT dbo.convertText(@input)

print dbo.prefixEmail(N'Nguyễn Thị Thanh Thảo')

CREATE OR ALTER FUNCTIon prefixEmail
(
    @fullname NVARCHAR(MAX)
)
RETURNS VARCHAR(MAX)
as
BEGIN
    DECLARE @text VARCHAR(MAX) = dbo.convertText(@fullname);
    DECLARE @nameParts TABLE (id INT IDENTITY(1,1), Part NVARCHAR(MAX));

    INSERT INTO @nameParts (Part)
    SELECT value
    FROM STRING_SPLIT(@text, ' ');

    DECLARE @res VARCHAR(MAX) = (SELECT Top 1 Part FROM @nameParts order by id desc);

    SELECT @res = @res + SUBSTRING(Part, 1, 1)
    FROM @nameParts
    WHERE Part <> ''
    RETURN lower(substring(@res, 1, len(@res)-1));
END;


INSERT INTO Teachers
(TeacherName, Sex, Email, DateOfBirth, PhoneNumber, Provice, MajorID, TeacherManagerID, LastModified, Descriptor)
VALUES 
(N'Phạm Gia Khánh', '1', 'khanhpg001@fpt.edu.vn', '1995-10-10', '0123456789', N'Hà Nội', '1', NULL, GETDATE(), NULL),
(N'Phạm Hà An', '1', 'anph002@fpt.edu.vn', '1995-10-10', '0123456789', N'Hà Nội', '1', '1', GETDATE(), NULL),
(N'Trần Thị Hiếu', '2', 'hieutt003@fpt.edu.vn', '1999-10-10', '0123456789', N'Hà Nội', '1', '1', GETDATE(), NULL),
(N'Nguyễn Thị Hà Lan', '2', 'lannth004@fpt.edu.vn', '1999-10-10', '0123456789', N'Hà Nội', '1', '1', GETDATE(), NULL),
(N'Hoàng Hữu Long', '2', 'longhh005@fpt.edu.vn', '1999-10-10', '0123456789', N'Hà Nội', '1', '1', GETDATE(), NULL),
(N'Đỗ Bảo Linh', '1', 'linhdb006@fpt.edu.vn', '1999-10-10', '0123456789', N'Hà Nội', '1', '1', GETDATE(), NULL),
(N'Nguyễn Khánh Huyền', '2', 'huyennk007@fpt.edu.vn', '1999-10-10', '0123456789', N'Hà Nội', '1', '1', GETDATE(), NULL);


INSERT INTO Employees 
(EmployeeName, Sex, Email, DateOfBirth, PhoneNumber, Provice, Title, ReportTo, LastModified, Descriptor)
VALUES
(N'Nguyễn Thị Nguyên', '1', 'nguyenntmanager@fpt.edu.vn', '1999-10-10', '0123456789', N'Hà Nội', '1', NULL, GETDATE(), NULL),
(N'Bùi Hoàng Dũng', '1', 'dungbhseo@fpt.edu.vn', '1999-10-10', '0123456789', N'Hà Nội', '2', '1', GETDATE(), NULL);


INSERT INTO Buildings
(BuildingCode, LastModified, Descriptor)
VALUES 
('F', GETDATE(), NULL),
('P', GETDATE(), NULL),
('T', GETDATE(), NULL),
('L', GETDATE(), NULL),
('H', GETDATE(), NULL);

INSERT INTO Classrooms
(NumberOfFloor, NumberOfRoom, BuildingID, Status, LastModified, Descriptor)
VALUES
/*
Status: 
1. Hoạt động
2. Đang bảo trì ngắn
3. Ngừng hoạt động 
*/
('1', '1', '1', '1', GETDATE(), 'F'), 
('1', '2', '1', '1', GETDATE(), 'F'),
('1', '3', '1', '1', GETDATE(), 'F'),
('1', '4', '1', '1', GETDATE(), 'F'),
('1', '5', '1', '1', GETDATE(), 'F'),
('1', '6', '1', '1', GETDATE(), 'F'),
('1', '7', '1', '1', GETDATE(), 'F'),
('1', '8', '1', '1', GETDATE(), 'F'),
('1', '9', '1', '1', GETDATE(), 'F'),
('1', '10', '1', '1', GETDATE(), 'F'),

('2', '1', '1', '1', GETDATE(), 'F'), 
('2', '2', '1', '1', GETDATE(), 'F'),
('2', '3', '1', '1', GETDATE(), 'F'),
('2', '4', '1', '1', GETDATE(), 'F'),
('2', '5', '1', '1', GETDATE(), 'F'),
('2', '6', '1', '1', GETDATE(), 'F'),
('2', '7', '1', '1', GETDATE(), 'F'),
('2', '8', '1', '1', GETDATE(), 'F'),
('2', '9', '1', '1', GETDATE(), 'F'),
('2', '10', '1', '1', GETDATE(), 'F'),

('3', '1', '1', '1', GETDATE(), 'F'), 
('3', '2', '1', '1', GETDATE(), 'F'),
('3', '3', '1', '1', GETDATE(), 'F'),
('3', '4', '1', '1', GETDATE(), 'F'),
('3', '5', '1', '1', GETDATE(), 'F'),
('3', '6', '1', '1', GETDATE(), 'F'),
('3', '7', '1', '1', GETDATE(), 'F'),
('3', '8', '1', '1', GETDATE(), 'F'),
('3', '9', '1', '1', GETDATE(), 'F'),
('3', '10', '1', '1', GETDATE(), 'F'),

('4', '1', '1', '1', GETDATE(), 'F'), 
('4', '2', '1', '1', GETDATE(), 'F'),
('4', '3', '1', '1', GETDATE(), 'F'),
('4', '4', '1', '1', GETDATE(), 'F'),
('4', '5', '1', '1', GETDATE(), 'F'),
('4', '6', '1', '1', GETDATE(), 'F'),
('4', '7', '1', '1', GETDATE(), 'F'),
('4', '8', '1', '1', GETDATE(), 'F'),
('4', '9', '1', '1', GETDATE(), 'F'),
('4', '10', '1', '1', GETDATE(), 'F'),

-- Tòa P
('1', '1', '2', '1', GETDATE(), 'P'), 
('1', '2', '2', '1', GETDATE(), 'P'),
('1', '3', '2', '1', GETDATE(), 'P'),
('1', '4', '2', '1', GETDATE(), 'P'),
('1', '5', '2', '1', GETDATE(), 'P'),
('1', '6', '2', '1', GETDATE(), 'P'),
('1', '7', '2', '1', GETDATE(), 'P'),
('1', '8', '2', '1', GETDATE(), 'P'),
('1', '9', '2', '1', GETDATE(), 'P'),
('1', '10', '2', '1', GETDATE(), 'P'),
			
('2', '1', '2', '1', GETDATE(), 'P'), 
('2', '2', '2', '1', GETDATE(), 'P'),
('2', '3', '2', '1', GETDATE(), 'P'),
('2', '4', '2', '1', GETDATE(), 'P'),
('2', '5', '2', '1', GETDATE(), 'P'),
('2', '6', '2', '1', GETDATE(), 'P'),
('2', '7', '2', '1', GETDATE(), 'P'),
('2', '8', '2', '1', GETDATE(), 'P'),
('2', '9', '2', '1', GETDATE(), 'P'),
('2', '10', '2', '1', GETDATE(), 'P'),

('3', '1', '2', '1', GETDATE(), 'P'), 
('3', '2', '2', '1', GETDATE(), 'P'),
('3', '3', '2', '1', GETDATE(), 'P'),
('3', '4', '2', '1', GETDATE(), 'P'),
('3', '5', '2', '1', GETDATE(), 'P'),
('3', '6', '2', '1', GETDATE(), 'P'),
('3', '7', '2', '1', GETDATE(), 'P'),
('3', '8', '2', '1', GETDATE(), 'P'),
('3', '9', '2', '1', GETDATE(), 'P'),
('3', '10', '2', '1', GETDATE(), 'P'),

('4', '1', '2', '1', GETDATE(), 'P'), 
('4', '2', '2', '1', GETDATE(), 'P'),
('4', '3', '2', '1', GETDATE(), 'P'),
('4', '4', '2', '1', GETDATE(), 'P'),
('4', '5', '2', '1', GETDATE(), 'P'),
('4', '6', '2', '1', GETDATE(), 'P'),
('4', '7', '2', '1', GETDATE(), 'P'),
('4', '8', '2', '1', GETDATE(), 'P'),
('4', '9', '2', '1', GETDATE(), 'P'),
('4', '10', '2', '1', GETDATE(), 'P'),

-- Tòa T
('1', '1', '3', '1', GETDATE(), 'T'), 
('1', '2', '3', '1', GETDATE(), 'T'),
('1', '3', '3', '1', GETDATE(), 'T'),
('1', '4', '3', '1', GETDATE(), 'T'),
('1', '5', '3', '1', GETDATE(), 'T'),
('1', '6', '3', '1', GETDATE(), 'T'),
('1', '7', '3', '1', GETDATE(), 'T'),
('1', '8', '3', '1', GETDATE(), 'T'),
('1', '9', '3', '1', GETDATE(), 'T'),
('1', '10', '3', '1', GETDATE(), 'T'),
			
('2', '1', '3', '1', GETDATE(), 'T'), 
('2', '2', '3', '1', GETDATE(), 'T'),
('2', '3', '3', '1', GETDATE(), 'T'),
('2', '4', '3', '1', GETDATE(), 'T'),
('2', '5', '3', '1', GETDATE(), 'T'),
('2', '6', '3', '1', GETDATE(), 'T'),
('2', '7', '3', '1', GETDATE(), 'T'),
('2', '8', '3', '1', GETDATE(), 'T'),
('2', '9', '3', '1', GETDATE(), 'T'),
('2', '10', '3', '1', GETDATE(), 'T'),

('3', '1', '3', '1', GETDATE(), 'T'), 
('3', '2', '3', '1', GETDATE(), 'T'),
('3', '3', '3', '1', GETDATE(), 'T'),
('3', '4', '3', '1', GETDATE(), 'T'),
('3', '5', '3', '1', GETDATE(), 'T'),
('3', '6', '3', '1', GETDATE(), 'T'),
('3', '7', '3', '1', GETDATE(), 'T'),
('3', '8', '3', '1', GETDATE(), 'T'),
('3', '9', '3', '1', GETDATE(), 'T'),
('3', '10', '3', '1', GETDATE(), 'T'),

('4', '1', '3', '1', GETDATE(), 'T'), 
('4', '2', '3', '1', GETDATE(), 'T'),
('4', '3', '3', '1', GETDATE(), 'T'),
('4', '4', '3', '1', GETDATE(), 'T'),
('4', '5', '3', '1', GETDATE(), 'T'),
('4', '6', '3', '1', GETDATE(), 'T'),
('4', '7', '3', '1', GETDATE(), 'T'),
('4', '8', '3', '1', GETDATE(), 'T'),
('4', '9', '3', '1', GETDATE(), 'T'),
('4', '10', '3', '1', GETDATE(), 'T'),

-- Tòa L
('1', '1', '4', '1', GETDATE(), 'L'), 
('1', '2', '4', '1', GETDATE(), 'L'),
('1', '3', '4', '1', GETDATE(), 'L'),
('1', '4', '4', '1', GETDATE(), 'L'),
('1', '5', '4', '1', GETDATE(), 'L'),
('1', '6', '4', '1', GETDATE(), 'L'),
('1', '7', '4', '1', GETDATE(), 'L'),
('1', '8', '4', '1', GETDATE(), 'L'),
('1', '9', '4', '1', GETDATE(), 'L'),
('1', '10', '4', '1', GETDATE(), 'L'),
			
('2', '1', '4', '1', GETDATE(), 'L'), 
('2', '2', '4', '1', GETDATE(), 'L'),
('2', '3', '4', '1', GETDATE(), 'L'),
('2', '4', '4', '1', GETDATE(), 'L'),
('2', '5', '4', '1', GETDATE(), 'L'),
('2', '6', '4', '1', GETDATE(), 'L'),
('2', '7', '4', '1', GETDATE(), 'L'),
('2', '8', '4', '1', GETDATE(), 'L'),
('2', '9', '4', '1', GETDATE(), 'L'),
('2', '10', '4', '1', GETDATE(), 'L'),

('3', '1', '4', '1', GETDATE(), 'L'), 
('3', '2', '4', '1', GETDATE(), 'L'),
('3', '3', '4', '1', GETDATE(), 'L'),
('3', '4', '4', '1', GETDATE(), 'L'),
('3', '5', '4', '1', GETDATE(), 'L'),
('3', '6', '4', '1', GETDATE(), 'L'),
('3', '7', '4', '1', GETDATE(), 'L'),
('3', '8', '4', '1', GETDATE(), 'L'),
('3', '9', '4', '1', GETDATE(), 'L'),
('3', '10', '4', '1', GETDATE(), 'L'),

('4', '1', '4', '1', GETDATE(), 'L'), 
('4', '2', '4', '1', GETDATE(), 'L'),
('4', '3', '4', '1', GETDATE(), 'L'),
('4', '4', '4', '1', GETDATE(), 'L'),
('4', '5', '4', '1', GETDATE(), 'L'),
('4', '6', '4', '1', GETDATE(), 'L'),
('4', '7', '4', '1', GETDATE(), 'L'),
('4', '8', '4', '1', GETDATE(), 'L'),
('4', '9', '4', '1', GETDATE(), 'L'),
('4', '10', '4', '1', GETDATE(), 'L'),

-- Tòa H
('1', '1', '5', '1', GETDATE(), 'H'), 
('1', '2', '5', '1', GETDATE(), 'H'),
('1', '3', '5', '1', GETDATE(), 'H'),
('1', '4', '5', '1', GETDATE(), 'H'),
('1', '5', '5', '1', GETDATE(), 'H'),
('1', '6', '5', '1', GETDATE(), 'H'),
('1', '7', '5', '1', GETDATE(), 'H'),
('1', '8', '5', '1', GETDATE(), 'H'),
('1', '9', '5', '1', GETDATE(), 'H'),
('1', '10', '5', '1', GETDATE(), 'H'),
			
('2', '1', '5', '1', GETDATE(), 'H'), 
('2', '2', '5', '1', GETDATE(), 'H'),
('2', '3', '5', '1', GETDATE(), 'H'),
('2', '4', '5', '1', GETDATE(), 'H'),
('2', '5', '5', '1', GETDATE(), 'H'),
('2', '6', '5', '1', GETDATE(), 'H'),
('2', '7', '5', '1', GETDATE(), 'H'),
('2', '8', '5', '1', GETDATE(), 'H'),
('2', '9', '5', '1', GETDATE(), 'H'),
('2', '10', '5', '1', GETDATE(), 'H'),

('3', '1', '5', '1', GETDATE(), 'H'), 
('3', '2', '5', '1', GETDATE(), 'H'),
('3', '3', '5', '1', GETDATE(), 'H'),
('3', '4', '5', '1', GETDATE(), 'H'),
('3', '5', '5', '1', GETDATE(), 'H'),
('3', '6', '5', '1', GETDATE(), 'H'),
('3', '7', '5', '1', GETDATE(), 'H'),
('3', '8', '5', '1', GETDATE(), 'H'),
('3', '9', '5', '1', GETDATE(), 'H'),
('3', '10', '5', '1', GETDATE(), 'H'),

('4', '1', '5', '1', GETDATE(), 'H'), 
('4', '2', '5', '1', GETDATE(), 'H'),
('4', '3', '5', '1', GETDATE(), 'H'),
('4', '4', '5', '1', GETDATE(), 'H'),
('4', '5', '5', '1', GETDATE(), 'H'),
('4', '6', '5', '1', GETDATE(), 'H'),
('4', '7', '5', '1', GETDATE(), 'H'),
('4', '8', '5', '1', GETDATE(), 'H'),
('4', '9', '5', '1', GETDATE(), 'H'),
('4', '10', '5', '1', GETDATE(), 'H');


INSERT INTO Classes
(MajorID, SpecificallyMajorID, Batch, LastModified, Descriptor)
VALUES

('1', NULL, '183', GETDATE(), N'Lớp này là lớp dạy được các môn chung trong ngành CNTT'),
('1', NULL, '183', GETDATE(), N'Lớp này là lớp dạy được các môn chung trong ngành CNTT'),
('1', NULL, '183', GETDATE(), N'Lớp này là lớp dạy được các môn chung trong ngành CNTT'),
('1', NULL, '183', GETDATE(), N'Lớp này là lớp dạy được các môn chung trong ngành CNTT'),
('1', NULL, '183', GETDATE(), N'Lớp này là lớp dạy được các môn chung trong ngành CNTT'),
('1', NULL, '183', GETDATE(), N'Lớp này là lớp dạy được các môn chung trong ngành CNTT'),
('1', NULL, '183', GETDATE(), N'Lớp này là lớp dạy được các môn chung trong ngành CNTT'),
('1', NULL, '183', GETDATE(), N'Lớp này là lớp dạy được các môn chung trong ngành CNTT'),
('1', NULL, '183', GETDATE(), N'Lớp này là lớp dạy được các môn chung trong ngành CNTT'),
('1', NULL, '183', GETDATE(), N'Lớp này là lớp dạy được các môn chung trong ngành CNTT'),
('1', NULL, '183', GETDATE(), N'Lớp này là lớp dạy được các môn chung trong ngành CNTT'),
('1', NULL, '183', GETDATE(), N'Lớp này là lớp dạy được các môn chung trong ngành CNTT'),
('1', NULL, '183', GETDATE(), N'Lớp này là lớp dạy được các môn chung trong ngành CNTT'),
('1', NULL, '183', GETDATE(), N'Lớp này là lớp dạy được các môn chung trong ngành CNTT'),
('1', NULL, '183', GETDATE(), N'Lớp này là lớp dạy được các môn chung trong ngành CNTT'),
('1', NULL, '183', GETDATE(), N'Lớp này là lớp dạy được các môn chung trong ngành CNTT'),
('1', NULL, '183', GETDATE(), N'Lớp này là lớp dạy được các môn chung trong ngành CNTT'),
('1', NULL, '183', GETDATE(), N'Lớp này là lớp dạy được các môn chung trong ngành CNTT'),
('1', NULL, '183', GETDATE(), N'Lớp này là lớp dạy được các môn chung trong ngành CNTT'),
('1', NULL, '183', GETDATE(), N'Lớp này là lớp dạy được các môn chung trong ngành CNTT'),
('1', NULL, '183', GETDATE(), N'Lớp này là lớp dạy được các môn chung trong ngành CNTT'),
('1', NULL, '183', GETDATE(), N'Lớp này là lớp dạy được các môn chung trong ngành CNTT'),
('1', NULL, '183', GETDATE(), N'Lớp này là lớp dạy được các môn chung trong ngành CNTT'),
('1', NULL, '183', GETDATE(), N'Lớp này là lớp dạy được các môn chung trong ngành CNTT'),
('1', NULL, '183', GETDATE(), N'Lớp này là lớp dạy được các môn chung trong ngành CNTT'),
('1', NULL, '183', GETDATE(), N'Lớp này là lớp dạy được các môn chung trong ngành CNTT'),
('1', NULL, '183', GETDATE(), N'Lớp này là lớp dạy được các môn chung trong ngành CNTT'),
('1', NULL, '183', GETDATE(), N'Lớp này là lớp dạy được các môn chung trong ngành CNTT'),
('1', NULL, '183', GETDATE(), N'Lớp này là lớp dạy được các môn chung trong ngành CNTT'),
('1', NULL, '183', GETDATE(), N'Lớp này là lớp dạy được các môn chung trong ngành CNTT'),
('1', NULL, '183', GETDATE(), N'Lớp này là lớp dạy được các môn chung trong ngành CNTT'),
('1', NULL, '183', GETDATE(), N'Lớp này là lớp dạy được các môn chung trong ngành CNTT'),
('1', NULL, '183', GETDATE(), N'Lớp này là lớp dạy được các môn chung trong ngành CNTT'),
('1', NULL, '183', GETDATE(), N'Lớp này là lớp dạy được các môn chung trong ngành CNTT'),
('1', NULL, '183', GETDATE(), N'Lớp này là lớp dạy được các môn chung trong ngành CNTT'),
('1', NULL, '183', GETDATE(), N'Lớp này là lớp dạy được các môn chung trong ngành CNTT'),
('1', NULL, '183', GETDATE(), N'Lớp này là lớp dạy được các môn chung trong ngành CNTT'),
('1', NULL, '183', GETDATE(), N'Lớp này là lớp dạy được các môn chung trong ngành CNTT'),
('1', NULL, '183', GETDATE(), N'Lớp này là lớp dạy được các môn chung trong ngành CNTT'),
('1', NULL, '183', GETDATE(), N'Lớp này là lớp dạy được các môn chung trong ngành CNTT'),
('1', NULL, '183', GETDATE(), N'Lớp này là lớp dạy được các môn chung trong ngành CNTT'),
('1', NULL, '183', GETDATE(), N'Lớp này là lớp dạy được các môn chung trong ngành CNTT'),
('1', NULL, '183', GETDATE(), N'Lớp này là lớp dạy được các môn chung trong ngành CNTT'),
('1', NULL, '183', GETDATE(), N'Lớp này là lớp dạy được các môn chung trong ngành CNTT'),
('1', NULL, '183', GETDATE(), N'Lớp này là lớp dạy được các môn chung trong ngành CNTT'),
('1', NULL, '183', GETDATE(), N'Lớp này là lớp dạy được các môn chung trong ngành CNTT'),
('1', NULL, '183', GETDATE(), N'Lớp này là lớp dạy được các môn chung trong ngành CNTT'),
('1', NULL, '183', GETDATE(), N'Lớp này là lớp dạy được các môn chung trong ngành CNTT'),
('1', NULL, '183', GETDATE(), N'Lớp này là lớp dạy được các môn chung trong ngành CNTT'),
('1', NULL, '183', GETDATE(), N'Lớp này là lớp dạy được các môn chung trong ngành CNTT'),
('1', NULL, '183', GETDATE(), N'Lớp này là lớp dạy được các môn chung trong ngành CNTT'),
('1', NULL, '183', GETDATE(), N'Lớp này là lớp dạy được các môn chung trong ngành CNTT'),
('1', NULL, '183', GETDATE(), N'Lớp này là lớp dạy được các môn chung trong ngành CNTT'),
('1', NULL, '183', GETDATE(), N'Lớp này là lớp dạy được các môn chung trong ngành CNTT'),

-- Lớp chuyên ngành Phát triển phần mềm
('1', '1', '183', GETDATE(), N'Lớp này là lớp dạy được các môn trong ngành Phát triển phần mềm'),
('1', '1', '183', GETDATE(), N'Lớp này là lớp dạy được các môn trong ngành Phát triển phần mềm'),
('1', '1', '183', GETDATE(), N'Lớp này là lớp dạy được các môn trong ngành Phát triển phần mềm'),
('1', '1', '183', GETDATE(), N'Lớp này là lớp dạy được các môn trong ngành Phát triển phần mềm'),
('1', '1', '183', GETDATE(), N'Lớp này là lớp dạy được các môn trong ngành Phát triển phần mềm'),
('1', '1', '183', GETDATE(), N'Lớp này là lớp dạy được các môn trong ngành Phát triển phần mềm'),
('1', '1', '183', GETDATE(), N'Lớp này là lớp dạy được các môn trong ngành Phát triển phần mềm'),
('1', '1', '183', GETDATE(), N'Lớp này là lớp dạy được các môn trong ngành Phát triển phần mềm'),
('1', '1', '183', GETDATE(), N'Lớp này là lớp dạy được các môn trong ngành Phát triển phần mềm'),
('1', '1', '183', GETDATE(), N'Lớp này là lớp dạy được các môn trong ngành Phát triển phần mềm'),
('1', '1', '183', GETDATE(), N'Lớp này là lớp dạy được các môn trong ngành Phát triển phần mềm'),
('1', '1', '183', GETDATE(), N'Lớp này là lớp dạy được các môn trong ngành Phát triển phần mềm'),
('1', '1', '183', GETDATE(), N'Lớp này là lớp dạy được các môn trong ngành Phát triển phần mềm'),
('1', '1', '183', GETDATE(), N'Lớp này là lớp dạy được các môn trong ngành Phát triển phần mềm'),
('1', '1', '183', GETDATE(), N'Lớp này là lớp dạy được các môn trong ngành Phát triển phần mềm'),
('1', '1', '183', GETDATE(), N'Lớp này là lớp dạy được các môn trong ngành Phát triển phần mềm'),
('1', '1', '183', GETDATE(), N'Lớp này là lớp dạy được các môn trong ngành Phát triển phần mềm'),
('1', '1', '183', GETDATE(), N'Lớp này là lớp dạy được các môn trong ngành Phát triển phần mềm'),

-- Lớp chuyên ngành ứng dụng phần mềm
('1', '2', '183', GETDATE(), N'Lớp này là lớp dạy được các môn trong ngành Ứng dụng phần mềm'),
('1', '2', '183', GETDATE(), N'Lớp này là lớp dạy được các môn trong ngành Ứng dụng phần mềm'),
('1', '2', '183', GETDATE(), N'Lớp này là lớp dạy được các môn trong ngành Ứng dụng phần mềm'),
('1', '2', '183', GETDATE(), N'Lớp này là lớp dạy được các môn trong ngành Ứng dụng phần mềm'),
('1', '2', '183', GETDATE(), N'Lớp này là lớp dạy được các môn trong ngành Ứng dụng phần mềm'),
('1', '2', '183', GETDATE(), N'Lớp này là lớp dạy được các môn trong ngành Ứng dụng phần mềm'),
('1', '2', '183', GETDATE(), N'Lớp này là lớp dạy được các môn trong ngành Ứng dụng phần mềm'),
('1', '2', '183', GETDATE(), N'Lớp này là lớp dạy được các môn trong ngành Ứng dụng phần mềm'),
('1', '2', '183', GETDATE(), N'Lớp này là lớp dạy được các môn trong ngành Ứng dụng phần mềm'),
('1', '2', '183', GETDATE(), N'Lớp này là lớp dạy được các môn trong ngành Ứng dụng phần mềm'),
('1', '2', '183', GETDATE(), N'Lớp này là lớp dạy được các môn trong ngành Ứng dụng phần mềm'),
('1', '2', '183', GETDATE(), N'Lớp này là lớp dạy được các môn trong ngành Ứng dụng phần mềm'),
('1', '2', '183', GETDATE(), N'Lớp này là lớp dạy được các môn trong ngành Ứng dụng phần mềm'),
('1', '2', '183', GETDATE(), N'Lớp này là lớp dạy được các môn trong ngành Ứng dụng phần mềm'),
('1', '2', '183', GETDATE(), N'Lớp này là lớp dạy được các môn trong ngành Ứng dụng phần mềm'),
('1', '2', '183', GETDATE(), N'Lớp này là lớp dạy được các môn trong ngành Ứng dụng phần mềm'),
('1', '2', '183', GETDATE(), N'Lớp này là lớp dạy được các môn trong ngành Ứng dụng phần mềm'),
('1', '2', '183', GETDATE(), N'Lớp này là lớp dạy được các môn trong ngành Ứng dụng phần mềm'),

-- Lớp chuyên ngành lập trình web
('1', '3', '183', GETDATE(), N'Lớp này là lớp dạy được các môn trong ngành Lập trình web'),
('1', '3', '183', GETDATE(), N'Lớp này là lớp dạy được các môn trong ngành Lập trình web'),
('1', '3', '183', GETDATE(), N'Lớp này là lớp dạy được các môn trong ngành Lập trình web'),
('1', '3', '183', GETDATE(), N'Lớp này là lớp dạy được các môn trong ngành Lập trình web'),
('1', '3', '183', GETDATE(), N'Lớp này là lớp dạy được các môn trong ngành Lập trình web'),
('1', '3', '183', GETDATE(), N'Lớp này là lớp dạy được các môn trong ngành Lập trình web'),
('1', '3', '183', GETDATE(), N'Lớp này là lớp dạy được các môn trong ngành Lập trình web'),
('1', '3', '183', GETDATE(), N'Lớp này là lớp dạy được các môn trong ngành Lập trình web'),
('1', '3', '183', GETDATE(), N'Lớp này là lớp dạy được các môn trong ngành Lập trình web'),
('1', '3', '183', GETDATE(), N'Lớp này là lớp dạy được các môn trong ngành Lập trình web'),
('1', '3', '183', GETDATE(), N'Lớp này là lớp dạy được các môn trong ngành Lập trình web'),
('1', '3', '183', GETDATE(), N'Lớp này là lớp dạy được các môn trong ngành Lập trình web'),
('1', '3', '183', GETDATE(), N'Lớp này là lớp dạy được các môn trong ngành Lập trình web'),
('1', '3', '183', GETDATE(), N'Lớp này là lớp dạy được các môn trong ngành Lập trình web'),
('1', '3', '183', GETDATE(), N'Lớp này là lớp dạy được các môn trong ngành Lập trình web'),
('1', '3', '183', GETDATE(), N'Lớp này là lớp dạy được các môn trong ngành Lập trình web'),
('1', '3', '183', GETDATE(), N'Lớp này là lớp dạy được các môn trong ngành Lập trình web'),
('1', '3', '183', GETDATE(), N'Lớp này là lớp dạy được các môn trong ngành Lập trình web'),

-- Lớp chuyên ngành lập trình mobile
('1', '4', '183', GETDATE(), N'Lớp này là lớp dạy được các môn trong ngành Lập trình mobile'),
('1', '4', '183', GETDATE(), N'Lớp này là lớp dạy được các môn trong ngành Lập trình mobile'),
('1', '4', '183', GETDATE(), N'Lớp này là lớp dạy được các môn trong ngành Lập trình mobile'),
('1', '4', '183', GETDATE(), N'Lớp này là lớp dạy được các môn trong ngành Lập trình mobile'),
('1', '4', '183', GETDATE(), N'Lớp này là lớp dạy được các môn trong ngành Lập trình mobile'),
('1', '4', '183', GETDATE(), N'Lớp này là lớp dạy được các môn trong ngành Lập trình mobile'),
('1', '4', '183', GETDATE(), N'Lớp này là lớp dạy được các môn trong ngành Lập trình mobile'),
('1', '4', '183', GETDATE(), N'Lớp này là lớp dạy được các môn trong ngành Lập trình mobile'),
('1', '4', '183', GETDATE(), N'Lớp này là lớp dạy được các môn trong ngành Lập trình mobile'),
('1', '4', '183', GETDATE(), N'Lớp này là lớp dạy được các môn trong ngành Lập trình mobile'),
('1', '4', '183', GETDATE(), N'Lớp này là lớp dạy được các môn trong ngành Lập trình mobile'),
('1', '4', '183', GETDATE(), N'Lớp này là lớp dạy được các môn trong ngành Lập trình mobile'),
('1', '4', '183', GETDATE(), N'Lớp này là lớp dạy được các môn trong ngành Lập trình mobile'),
('1', '4', '183', GETDATE(), N'Lớp này là lớp dạy được các môn trong ngành Lập trình mobile'),
('1', '4', '183', GETDATE(), N'Lớp này là lớp dạy được các môn trong ngành Lập trình mobile'),
('1', '4', '183', GETDATE(), N'Lớp này là lớp dạy được các môn trong ngành Lập trình mobile'),
('1', '4', '183', GETDATE(), N'Lớp này là lớp dạy được các môn trong ngành Lập trình mobile'),
('1', '4', '183', GETDATE(), N'Lớp này là lớp dạy được các môn trong ngành Lập trình mobile'),

-- Lớp chuyên ngành lập trình game
('1', '5', '183', GETDATE(), N'Lớp này là lớp dạy được các môn trong ngành Lập trình Game'),
('1', '5', '183', GETDATE(), N'Lớp này là lớp dạy được các môn trong ngành Lập trình Game'),
('1', '5', '183', GETDATE(), N'Lớp này là lớp dạy được các môn trong ngành Lập trình Game'),
('1', '5', '183', GETDATE(), N'Lớp này là lớp dạy được các môn trong ngành Lập trình Game'),
('1', '5', '183', GETDATE(), N'Lớp này là lớp dạy được các môn trong ngành Lập trình Game'),
('1', '5', '183', GETDATE(), N'Lớp này là lớp dạy được các môn trong ngành Lập trình Game'),
('1', '5', '183', GETDATE(), N'Lớp này là lớp dạy được các môn trong ngành Lập trình Game'),
('1', '5', '183', GETDATE(), N'Lớp này là lớp dạy được các môn trong ngành Lập trình Game'),
('1', '5', '183', GETDATE(), N'Lớp này là lớp dạy được các môn trong ngành Lập trình Game'),
('1', '5', '183', GETDATE(), N'Lớp này là lớp dạy được các môn trong ngành Lập trình Game'),
('1', '5', '183', GETDATE(), N'Lớp này là lớp dạy được các môn trong ngành Lập trình Game'),
('1', '5', '183', GETDATE(), N'Lớp này là lớp dạy được các môn trong ngành Lập trình Game'),
('1', '5', '183', GETDATE(), N'Lớp này là lớp dạy được các môn trong ngành Lập trình Game'),
('1', '5', '183', GETDATE(), N'Lớp này là lớp dạy được các môn trong ngành Lập trình Game'),
('1', '5', '183', GETDATE(), N'Lớp này là lớp dạy được các môn trong ngành Lập trình Game'),
('1', '5', '183', GETDATE(), N'Lớp này là lớp dạy được các môn trong ngành Lập trình Game'),
('1', '5', '183', GETDATE(), N'Lớp này là lớp dạy được các môn trong ngành Lập trình Game'),
('1', '5', '183', GETDATE(), N'Lớp này là lớp dạy được các môn trong ngành Lập trình Game'),

-- Lớp chuyên ngành xử lý dữ liệu
('1', '6', '183', GETDATE(), N'Lớp này là lớp dạy được các môn trong ngành Xử lý dữ liệu'),
('1', '6', '183', GETDATE(), N'Lớp này là lớp dạy được các môn trong ngành Xử lý dữ liệu'),
('1', '6', '183', GETDATE(), N'Lớp này là lớp dạy được các môn trong ngành Xử lý dữ liệu'),
('1', '6', '183', GETDATE(), N'Lớp này là lớp dạy được các môn trong ngành Xử lý dữ liệu'),
('1', '6', '183', GETDATE(), N'Lớp này là lớp dạy được các môn trong ngành Xử lý dữ liệu'),
('1', '6', '183', GETDATE(), N'Lớp này là lớp dạy được các môn trong ngành Xử lý dữ liệu'),
('1', '6', '183', GETDATE(), N'Lớp này là lớp dạy được các môn trong ngành Xử lý dữ liệu'),
('1', '6', '183', GETDATE(), N'Lớp này là lớp dạy được các môn trong ngành Xử lý dữ liệu'),
('1', '6', '183', GETDATE(), N'Lớp này là lớp dạy được các môn trong ngành Xử lý dữ liệu'),
('1', '6', '183', GETDATE(), N'Lớp này là lớp dạy được các môn trong ngành Xử lý dữ liệu'),
('1', '6', '183', GETDATE(), N'Lớp này là lớp dạy được các môn trong ngành Xử lý dữ liệu'),
('1', '6', '183', GETDATE(), N'Lớp này là lớp dạy được các môn trong ngành Xử lý dữ liệu'),
('1', '6', '183', GETDATE(), N'Lớp này là lớp dạy được các môn trong ngành Xử lý dữ liệu'),
('1', '6', '183', GETDATE(), N'Lớp này là lớp dạy được các môn trong ngành Xử lý dữ liệu'),
('1', '6', '183', GETDATE(), N'Lớp này là lớp dạy được các môn trong ngành Xử lý dữ liệu'),
('1', '6', '183', GETDATE(), N'Lớp này là lớp dạy được các môn trong ngành Xử lý dữ liệu'),
('1', '6', '183', GETDATE(), N'Lớp này là lớp dạy được các môn trong ngành Xử lý dữ liệu'),
('1', '6', '183', GETDATE(), N'Lớp này là lớp dạy được các môn trong ngành Xử lý dữ liệu');



INSERT INTO Teachingassignments
(SubjectDetailID, ClassID, TeacherID, TeachInShift, ClassroomID, Semester, Season, Block, LastModified)
VALUES
(/*Môn học*/'6',/*Lớp học*/ '1', /*Giáo viên*/'2', /*Ca*/ '2', /*Phòng*/'11', /*Kỳ*/'3', 'Summer', '1', GETDATE()),
(/*Môn học*/'5',/*Lớp học*/ '1', /*Giáo viên*/'1', /*Ca*/ '3', /*Phòng*/'11', /*Kỳ*/'3', 'Summer', '1', GETDATE()),
(/*Môn học*/'8',/*Lớp học*/ '55', /*Giáo viên*/'1', /*Ca*/ '2', /*Phòng*/'20', /*Kỳ*/'3', 'Summer', '1', GETDATE()),
(/*Môn học*/'9',/*Lớp học*/ '56', /*Giáo viên*/'3', /*Ca*/ '2', /*Phòng*/'60', /*Kỳ*/'3', 'Summer', '2', GETDATE());




INSERT INTO StudyingParticipations 
(TeachingassignmentID, StudentID, Status)
VALUES
/*STATE: 
1. Có thể đổi
2. Cố định*/
('1', '1', '1'),
('1', '2', '1'),
('1', '3', '1'),
('1', '4', '1'),
('1', '5', '1'),
('1', '6', '1'),
('1', '7', '1'),
('1', '8', '1'),
('1', '9', '1'),
('1', '10', '1'),
('1', '11', '1'),
('1', '12', '1'),
('1', '13', '1'),


('2', '1', '1'),
('2', '2', '1'),
('2', '3', '1'),
('2', '4', '1'),
('2', '6', '1'),
('2', '7', '1'),
('2', '9', '1'),


('3', '1', '1'),
('3', '2', '1'),
('3', '3', '1'),
('3', '4', '1'),
('3', '6', '1'),
('3', '7', '1'),
('3', '9', '1');


-- User
INSERT INTO UserInformations
(Username, Password, StudentID, TeacherID, EmployeeID, Role, LastModified)
VALUES 
('admin', '123', NULL, NULL, NULL, '1', GETDATE()),
('nguyenntph00001@fpt.edu.vn', 'nguyenntph00001', '1', NULL, NULL, '4', GETDATE()),
('dungbhph00002@fpt.edu.vn', 'dungbhph00002', '2', NULL, NULL, '4', GETDATE()),
('sonntph00003@fpt.edu.vn', 'sonntph00003', '3', NULL, NULL, '4', GETDATE()),
('thaonntph00004@fpt.edu.vn', 'thaonntph00004', '4', NULL, NULL, '4', GETDATE()),
('hieuptph00005@fpt.edu.vn', 'hieuptph00005', '5', NULL, NULL, '4', GETDATE()),
('linhhqph00006@fpt.edu.vn', 'linhhqph00006', '6', NULL, NULL, '4', GETDATE()),
('thuvtkph00007@fpt.edu.vn', 'thuvtkph00007', '7', NULL, NULL, '4', GETDATE()),
('hiepnbph00008@fpt.edu.vn', 'hiepnbph00008', '8', NULL, NULL, '4', GETDATE()),
('luannhph00009@fpt.edu.vn', 'luannhph00009', '9', NULL, NULL, '4', GETDATE()),
('datntph00010@fpt.edu.vn', 'datntph00010', '10', NULL, NULL, '4', GETDATE()),
('kienptph00011@fpt.edu.vn', 'kienptph00011', '11', NULL, NULL, '4', GETDATE()),
('vinhvtph00012@fpt.edu.vn', 'vinhvtph00012', '12', NULL, NULL, '4', GETDATE()),
('truongvaph00013@fpt.edu.vn', 'truongvaph00013', '13', NULL, NULL, '4', GETDATE()),

('khanhpg001@fpt.edu.vn', 'khanhpg001', NULL, '1', NULL, '3', GETDATE()),
('anph002@fpt.edu.vn', 'anph002', NULL, '2', NULL, '3', GETDATE()),
('hieutt003@fpt.edu.vn', 'hieutt003', NULL, '3', NULL, '3', GETDATE()),
('lannth004@fpt.edu.vn', 'lannth004', NULL, '4', NULL, '3', GETDATE()),
('longhh005@fpt.edu.vn', 'longhh005', NULL, '5', NULL, '3', GETDATE()),
('linhdb006@fpt.edu.vn', 'linhdb006', NULL, '6', NULL, '3', GETDATE()),
('huyennk007@fpt.edu.vn', 'huyennk007', NULL, '7', NULL, '3', GETDATE()),

('nguyenntmanager@fpt.edu.vn', 'nguyenntmanager', NULL, NULL, '1', '2', GETDATE()),
('dungbhseo@fpt.edu.vn', 'dungbhseo', NULL, NULL, '2', '2', GETDATE());



CREATE TABLE MSSV (
	ID INT IDENTITY(1,1) PRIMARY KEY,
	StudentID INT NOT NULL,
	StudentCode VARCHAR(10) NOT NULL,
	ConSTRAINT FK_StudentID FOREIGN KEY (StudentID) REFERENCES Students(StudentID)
);


INSERT INTO MSSV 
(StudentID, StudentCode)
VALUES
('1', '00001'),
('2', '00002'),
('3', '00003'),
('4', '00004'),
('5', '00005'),
('6', '00006'),
('7', '00007'),
('8', '00008'),
('9', '00009'),
('10', '00010'),
('11', '00011'),
('12', '00012'),
('13', '00013');


CREATE TABLE MSGV (
	ID INT IDENTITY(1,1) PRIMARY KEY,
	TeacherID INT NOT NULL,
	TeacherCode VARCHAR(10) NOT NULL,
	ConSTRAINT FK_TeacherID FOREIGN KEY (TeacherID) REFERENCES Teachers(TeacherID)
);


INSERT INTO MSGV 
(TeacherID, TeacherCode)
VALUES
('1', '00001'),
('2', '00002'),
('3', '00003'),
('4', '00004'),
('5', '00005'),
('6', '00006'),
('7', '00007');

SELECT * FROM msgv


select * from students